Sample,Population,Haplogroup,original_SC,original_SCL,original_rhb_01,original_rhb_02,original_rhb_03,original_tc_0.006,original_tc_0.005,original_tc_0.004,original_tc_0.003,rhb_01,rhb_02,rhb_03,tc_0.006,tc_0.005,tc_0.004,tc_0.003,SC,SCL
RSRS,mt-MRCA,mt-MRCA,NA,NA,NA,NA,NA,NA,NA,NA,NA,NA,NA,NA,NA,NA,NA,NA,mt-MRCA,mt-MRCA
NA19327,LWK,L0f,L,L0,2,5,9,1,1,2,29,2,32,32,32,32,49,68,L,L0
NA19454,LWK,L0f1,L,L0,2,5,9,1,1,2,28,2,32,32,32,32,49,49,L,L0
NA19474,LWK,L0b*,L,L0,2,5,8,1,1,1,3,2,32,41,32,32,32,58,L,L0
NA19314,LWK,L0b*,L,L0,2,5,8,1,1,1,3,2,32,41,32,32,32,58,L,L0
NA19031,LWK,L0b*,L,L0,2,5,8,1,1,1,3,2,32,41,32,32,32,58,L,L0
NA19328,LWK,L0a2a2a,L,L0,2,5,7,1,1,1,2,2,32,40,32,32,32,32,L,L0
NA19904,ASW,L0a2a2a,L,L0,2,5,7,1,1,1,2,2,32,40,32,32,32,32,L,L0
NA19713,ASW,L0a2a2a1*,L,L0,2,5,7,1,1,1,2,2,32,40,32,32,32,32,L,L0
NA19312,LWK,L0a2a2a,L,L0,2,5,7,1,1,1,2,2,32,40,32,32,32,32,L,L0
HG03063,MSL,L0a1a,L,L0,2,5,7,1,1,1,2,2,32,40,32,32,32,32,L,L0
NA18510,YRI,L0a1a3,L,L0,2,5,7,1,1,1,2,2,32,40,32,32,32,32,L,L0
HG03084,MSL,L0a1a3,L,L0,2,5,7,1,1,1,2,2,32,40,32,32,32,32,L,L0
HG02111,ACB,L0a1a+200,L,L0,2,5,7,1,1,1,2,2,32,40,32,32,32,32,L,L0
NA19379,LWK,L0a1a+200*,L,L0,2,5,7,1,1,1,2,2,32,40,32,32,32,32,L,L0
NA19350,LWK,L0a1a+200*,L,L0,2,5,7,1,1,1,2,2,32,40,32,32,32,32,L,L0
NA19027,LWK,L0a1a+200,L,L0,2,5,7,1,1,1,2,2,32,40,32,32,32,32,L,L0
NA19042,LWK,L0a1a+200,L,L0,2,5,7,1,1,1,2,2,32,40,32,32,32,32,L,L0
HG02420,ACB,L0a1a2,L,L0,2,5,7,1,1,1,2,2,32,40,32,32,32,32,L,L0
NA18861,YRI,L0a1a2,L,L0,2,5,7,1,1,1,2,2,32,40,32,32,32,32,L,L0
HG02971,ESN,L0a1a2,L,L0,2,5,7,1,1,1,2,2,32,40,32,32,32,32,L,L0
NA18877,YRI,L0a1a2,L,L0,2,5,7,1,1,1,2,2,32,40,32,32,32,32,L,L0
HG03298,ESN,L0a1a2,L,L0,2,5,7,1,1,1,2,2,32,40,32,32,32,32,L,L0
NA18876,YRI,L0a1a2,L,L0,2,5,7,1,1,1,2,2,32,40,32,32,32,32,L,L0
HG02433,ACB,L0a1a2,L,L0,2,5,7,1,1,1,2,2,32,40,32,32,32,32,L,L0
NA19430,LWK,L0a1a2*2,L,L0,2,5,7,1,1,1,2,2,32,40,32,32,32,32,L,L0
HG03517,ESN,L0a1a2,L,L0,2,5,7,1,1,1,2,2,32,40,32,32,32,32,L,L0
HG03267,ESN,L0a1a2,L,L0,2,5,7,1,1,1,2,2,32,40,32,32,32,32,L,L0
NA20355,ASW,L0a1a2,L,L0,2,5,7,1,1,1,2,2,32,40,32,32,32,32,L,L0
NA20334,ASW,L0a1a2,L,L0,2,5,7,1,1,1,2,2,32,40,32,32,32,32,L,L0
HG02981,ESN,L0a1a2,L,L0,2,5,7,1,1,1,2,2,32,40,32,32,32,32,L,L0
HG03268,ESN,L0a1a2,L,L0,2,5,7,1,1,1,2,2,32,40,32,32,32,32,L,L0
NA19137,YRI,L0a1a2,L,L0,2,5,7,1,1,1,2,2,32,40,32,32,32,32,L,L0
HG03127,ESN,L0a1a2,L,L0,2,5,7,1,1,1,2,2,32,40,32,32,32,32,L,L0
HG01882,ACB,L0a1a2,L,L0,2,5,7,1,1,1,2,2,32,40,32,32,32,32,L,L0
NA19440,LWK,L0a1c,L,L0,2,5,7,1,1,1,2,2,32,40,32,32,32,32,L,L0
NA19467,LWK,L0a1c1,L,L0,2,5,7,1,1,1,2,2,32,40,32,32,32,32,L,L0
NA19703,ASW,L0a1b1a,L,L0,2,5,7,1,1,1,2,2,32,40,32,32,32,32,L,L0
NA19466,LWK,L0a1b1a1a,L,L0,2,5,7,1,1,1,2,2,32,40,32,32,32,32,L,L0
NA19448,LWK,L0a1b1a1a,L,L0,2,5,7,1,1,1,2,2,32,40,32,32,32,32,L,L0
NA19449,LWK,L0a1b1a1a,L,L0,2,5,7,1,1,1,2,2,32,40,32,32,32,32,L,L0
NA19712,ASW,L1c2b1c,L,L1,2,7,15,2,3,4,9,2,2,44,2,2,2,59,L,L1
HG03133,ESN,L1c2b1c,L,L1,2,7,15,2,3,4,9,2,2,44,2,2,2,59,L,L1
HG02332,ACB,L1c2b1c,L,L1,2,7,15,2,3,4,9,2,2,44,2,2,2,59,L,L1
NA19378,LWK,L1c2b1a*,L,L1,2,7,15,2,3,4,9,2,2,44,2,2,2,59,L,L1
HG03363,ESN,L1c2b1b,L,L1,2,7,15,2,3,4,9,2,2,44,2,2,2,59,L,L1
HG03271,ESN,L1c2b1b,L,L1,2,7,15,2,3,4,9,2,2,44,2,2,2,59,L,L1
HG03300,ESN,L1c2b1a'b,L,L1,2,7,15,2,3,4,9,2,2,44,2,2,2,59,L,L1
HG02442,ACB,L1c2b1a'b,L,L1,2,7,15,2,3,4,9,2,2,44,2,2,2,59,L,L1
HG03499,ESN,L1c2a2,L,L1,2,7,15,2,3,4,9,2,2,44,2,2,2,59,L,L1
HG03313,ESN,L1c2a2,L,L1,2,7,15,2,3,4,9,2,2,44,2,2,2,59,L,L1
HG02283,ACB,L1c2a2,L,L1,2,7,15,2,3,4,9,2,2,44,2,2,2,59,L,L1
HG03168,ESN,L1c2a1,L,L1,2,7,15,2,3,4,9,2,2,44,2,2,2,59,L,L1
NA19323,LWK,L1c2a1a,L,L1,2,7,15,2,3,4,9,2,2,44,2,2,2,59,L,L1
HG02282,ACB,L1c2a1b,L,L1,2,7,15,2,3,4,9,2,2,44,2,2,2,59,L,L1
HG03464,MSL,L1c1c,L,L1,2,7,14,2,3,4,15,2,2,2,2,2,2,61,L,L1
HG03096,MSL,L1c1c,L,L1,2,7,14,2,3,4,15,2,2,2,2,2,2,61,L,L1
HG02611,GWD,L1c1c,L,L1,2,7,14,2,3,4,15,2,2,2,2,2,2,61,L,L1
HG03385,MSL,L1c1c*3,L,L1,2,7,14,2,3,4,15,2,2,2,2,2,2,61,L,L1
HG03391,MSL,L1c1c,L,L1,2,7,14,2,3,4,15,2,2,2,2,2,2,61,L,L1
HG03380,MSL,L1c1c,L,L1,2,7,14,2,3,4,15,2,2,2,2,2,2,61,L,L1
HG02014,ACB,L1c1c,L,L1,2,7,14,2,3,4,15,2,2,2,2,2,2,61,L,L1
NA19917,ASW,L1c1b,L,L1,2,7,14,2,3,4,14,2,2,2,2,2,2,60,L,L1
HG02322,ACB,L1c1a2,L,L1,2,7,14,2,3,4,14,2,2,2,2,2,2,60,L,L1
HG02053,ACB,L1c1a2,L,L1,2,7,14,2,3,4,14,2,2,2,2,2,2,60,L,L1
HG02052,ACB,L1c1a2b,L,L1,2,7,14,2,3,4,14,2,2,2,2,2,2,60,L,L1
HG02427,ACB,L1c1a*,L,L1,2,7,14,2,3,4,14,2,2,2,2,2,2,60,L,L1
HG02010,ACB,L1c1d1,L,L1,2,7,14,2,3,4,14,2,2,2,2,2,2,60,L,L1
NA20281,ASW,L1c1d1*,L,L1,2,7,14,2,3,4,14,2,2,2,2,2,2,60,L,L1
NA19385,LWK,L1c1d*,L,L1,2,7,14,2,3,4,14,2,2,2,2,2,2,60,L,L1
HG03397,MSL,L1c1d,L,L1,2,7,14,2,3,4,14,2,2,2,2,2,2,60,L,L1
HG03077,MSL,L1c1d,L,L1,2,7,14,2,3,4,14,2,2,2,2,2,2,60,L,L1
HG01885,ACB,L1c1d,L,L1,2,7,14,2,3,4,14,2,2,2,2,2,2,60,L,L1
HG03343,ESN,L1c3a,L,L1,2,7,14,2,3,4,5,2,2,2,2,2,2,2,L,L1
HG01986,ACB,L1c3a,L,L1,2,7,14,2,3,4,5,2,2,2,2,2,2,2,L,L1
NA20362,ASW,L1c3a*2,L,L1,2,7,14,2,3,4,5,2,2,2,2,2,2,2,L,L1
NA20359,ASW,L1c3a*2,L,L1,2,7,14,2,3,4,5,2,2,2,2,2,2,2,L,L1
HG02983,GWD,L1c3a1a,L,L1,2,7,14,2,3,4,5,2,2,2,2,2,2,2,L,L1
HG01990,ACB,L1c3a1a,L,L1,2,7,14,2,3,4,5,2,2,2,2,2,2,2,L,L1
NA19914,ASW,L1c3a1b*1,L,L1,2,7,14,2,3,4,5,2,2,2,2,2,2,2,L,L1
NA19256,YRI,L1c3b2,L,L1,2,7,14,2,3,4,5,2,2,2,2,2,2,2,L,L1
NA18915,YRI,L1c3b1b,L,L1,2,7,14,2,3,4,5,2,2,2,2,2,2,2,L,L1
NA19390,LWK,L1c3b1a,L,L1,2,7,14,2,3,4,5,2,2,2,2,2,2,2,L,L1
HG02561,GWD,L1b2,L,L1,2,4,6,2,2,3,1,2,34,39,2,45,45,45,L,L1
HG02678,GWD,L1b2,L,L1,2,4,6,2,2,3,1,2,34,39,2,45,45,45,L,L1
NA19909,ASW,L1b2,L,L1,2,4,6,2,2,3,1,2,34,39,2,45,45,45,L,L1
HG01956,ACB,L1b2,L,L1,2,4,6,2,2,3,1,2,34,39,2,45,45,45,L,L1
HG01886,ACB,L1b2,L,L1,2,4,6,2,2,3,1,2,34,39,2,45,45,45,L,L1
HG03066,MSL,L1b2a,L,L1,2,4,6,2,2,3,1,2,34,39,2,45,45,45,L,L1
HG02820,GWD,L1b2a,L,L1,2,4,6,2,2,3,1,2,34,39,2,45,45,45,L,L1
HG02635,GWD,L1b1a14,L,L1,2,4,5,2,2,3,1,2,34,34,2,45,45,45,L,L1
HG03470,MSL,L1b1a14,L,L1,2,4,5,2,2,3,1,2,34,34,2,45,45,45,L,L1
HG03436,MSL,L1b1a14,L,L1,2,4,5,2,2,3,1,2,34,34,2,45,45,45,L,L1
HG03469,MSL,L1b1a14,L,L1,2,4,5,2,2,3,1,2,34,34,2,45,45,45,L,L1
HG03058,MSL,L1b1a14,L,L1,2,4,5,2,2,3,1,2,34,34,2,45,45,45,L,L1
HG02571,GWD,L1b1a14,L,L1,2,4,5,2,2,3,1,2,34,34,2,45,45,45,L,L1
HG02646,GWD,L1b1a+189,L,L1,2,4,5,2,2,3,1,2,34,34,2,45,45,45,L,L1
NA20412,ASW,L1b1a,L,L1,2,4,5,2,2,3,1,2,34,34,2,45,45,45,L,L1
HG02589,GWD,L1b1a,L,L1,2,4,5,2,2,3,1,2,34,34,2,45,45,45,L,L1
NA20289,ASW,L1b1a4a,L,L1,2,4,5,2,2,3,1,2,34,34,2,45,45,45,L,L1
HG03057,MSL,L1b1a,L,L1,2,4,5,2,2,3,1,2,34,34,2,45,45,45,L,L1
NA20282,ASW,L1b1a,L,L1,2,4,5,2,2,3,1,2,34,34,2,45,45,45,L,L1
HG03052,MSL,L1b1a4,L,L1,2,4,5,2,2,3,1,2,34,34,2,45,45,45,L,L1
HG02855,GWD,L1b1a4,L,L1,2,4,5,2,2,3,1,2,34,34,2,45,45,45,L,L1
HG02840,GWD,L1b1a4,L,L1,2,4,5,2,2,3,1,2,34,34,2,45,45,45,L,L1
NA20321,ASW,L1b1a4,L,L1,2,4,5,2,2,3,1,2,34,34,2,45,45,45,L,L1
NA20320,ASW,L1b1a4,L,L1,2,4,5,2,2,3,1,2,34,34,2,45,45,45,L,L1
HG02891,GWD,L1b1a4,L,L1,2,4,5,2,2,3,1,2,34,34,2,45,45,45,L,L1
HG02811,GWD,L1b1a4,L,L1,2,4,5,2,2,3,1,2,34,34,2,45,45,45,L,L1
HG03295,ESN,L1b1a,L,L1,2,4,5,2,2,3,1,2,34,34,2,45,45,45,L,L1
NA19834,ASW,L1b1a,L,L1,2,4,5,2,2,3,1,2,34,34,2,45,45,45,L,L1
NA19041,LWK,L1b1a10,L,L1,2,4,5,2,2,3,1,2,34,34,2,45,45,45,L,L1
HG03442,MSL,L1b1a10,L,L1,2,4,5,2,2,3,1,2,34,34,2,45,45,45,L,L1
NA19431,LWK,L1b1a,L,L1,2,4,5,2,2,3,1,2,34,34,2,45,45,45,L,L1
NA18486,YRI,L1b1a,L,L1,2,4,5,2,2,3,1,2,34,34,2,45,45,45,L,L1
NA19131,YRI,L1b1a,L,L1,2,4,5,2,2,3,1,2,34,34,2,45,45,45,L,L1
HG03311,ESN,L1b1a,L,L1,2,4,5,2,2,3,1,2,34,34,2,45,45,45,L,L1
HG03351,ESN,L1b1a,L,L1,2,4,5,2,2,3,1,2,34,34,2,45,45,45,L,L1
HG01988,ACB,L1b1a7,L,L1,2,4,5,2,2,3,1,2,34,34,2,45,45,45,L,L1
HG02772,GWD,L1b1a7,L,L1,2,4,5,2,2,3,1,2,34,34,2,45,45,45,L,L1
HG02562,GWD,L1b1a7,L,L1,2,4,5,2,2,3,1,2,34,34,2,45,45,45,L,L1
NA18501,YRI,L1b1a18,L,L1,2,4,5,2,2,3,1,2,34,34,2,45,45,45,L,L1
HG03270,ESN,L1b1a18,L,L1,2,4,5,2,2,3,1,2,34,34,2,45,45,45,L,L1
HG03079,MSL,L1b1a18,L,L1,2,4,5,2,2,3,1,2,34,34,2,45,45,45,L,L1
NA18917,YRI,L1b1a+189,L,L1,2,4,5,2,2,3,1,2,34,34,2,45,45,45,L,L1
NA19916,ASW,L1b1a9,L,L1,2,4,5,2,2,3,1,2,34,34,2,45,45,45,L,L1
HG03073,MSL,L1b1a9,L,L1,2,4,5,2,2,3,1,2,34,34,2,45,45,45,L,L1
HG02477,ACB,L1b1a9,L,L1,2,4,5,2,2,3,1,2,34,34,2,45,45,45,L,L1
HG03099,ESN,L1b1a+189,L,L1,2,4,5,2,2,3,1,2,34,34,2,45,45,45,L,L1
HG03103,ESN,L1b1a15,L,L1,2,4,5,2,2,3,1,2,34,34,2,45,45,45,L,L1
NA19198,YRI,L1b1a15a,L,L1,2,4,5,2,2,3,1,2,34,34,2,45,45,45,L,L1
NA19462,LWK,L1b1a15,L,L1,2,4,5,2,2,3,1,2,34,34,2,45,45,45,L,L1
NA19190,YRI,L1b1a15,L,L1,2,4,5,2,2,3,1,2,34,34,2,45,45,45,L,L1
NA18933,YRI,L1b1a15,L,L1,2,4,5,2,2,3,1,2,34,34,2,45,45,45,L,L1
HG02580,ACB,L1b1a15,L,L1,2,4,5,2,2,3,1,2,34,34,2,45,45,45,L,L1
NA19210,YRI,L1b1a3,L,L1,2,4,5,2,2,3,1,2,34,34,2,45,45,45,L,L1
HG02343,ACB,L1b1a3,L,L1,2,4,5,2,2,3,1,2,34,34,2,45,45,45,L,L1
HG03120,ESN,L1b1a3,L,L1,2,4,5,2,2,3,1,2,34,34,2,45,45,45,L,L1
HG03166,ESN,L1b1a3b,L,L1,2,4,5,2,2,3,1,2,34,34,2,45,45,45,L,L1
HG02108,ACB,L1b1a3b,L,L1,2,4,5,2,2,3,1,2,34,34,2,45,45,45,L,L1
NA18498,YRI,L1b1a3b,L,L1,2,4,5,2,2,3,1,2,34,34,2,45,45,45,L,L1
NA19206,YRI,L1b1a3b,L,L1,2,4,5,2,2,3,1,2,34,34,2,45,45,45,L,L1
HG03112,ESN,L1b1a3,L,L1,2,4,5,2,2,3,1,2,34,34,2,45,45,45,L,L1
HG03136,ESN,L1b1a3,L,L1,2,4,5,2,2,3,1,2,34,34,2,45,45,45,L,L1
NA19471,LWK,L1b1a3,L,L1,2,4,5,2,2,3,1,2,34,34,2,45,45,45,L,L1
NA18923,YRI,L1b1a3,L,L1,2,4,5,2,2,3,1,2,34,34,2,45,45,45,L,L1
NA18507,YRI,L1b1a3,L,L1,2,4,5,2,2,3,1,2,34,34,2,45,45,45,L,L1
NA18924,YRI,L1b1a3a,L,L1,2,4,5,2,2,3,1,2,34,34,2,45,45,45,L,L1
HG02307,ACB,L1b1a3a,L,L1,2,4,5,2,2,3,1,2,34,34,2,45,45,45,L,L1
NA19207,YRI,L1b1a3,L,L1,2,4,5,2,2,3,1,2,34,34,2,45,45,45,L,L1
NA19223,YRI,L1b1a3,L,L1,2,4,5,2,2,3,1,2,34,34,2,45,45,45,L,L1
HG03109,ESN,L1b1a3,L,L1,2,4,5,2,2,3,1,2,34,34,2,45,45,45,L,L1
HG02974,ESN,L1b1a3,L,L1,2,4,5,2,2,3,1,2,34,34,2,45,45,45,L,L1
NA19332,LWK,L5b2,L,L5,2,7,16,3,6,5,4,2,2,36,36,46,46,46,L,L5
NA19461,LWK,L5b2*,L,L5,2,7,16,3,6,5,4,2,2,36,36,46,46,46,L,L5
NA19455,LWK,L5b2*,L,L5,2,7,16,3,6,5,4,2,2,36,36,46,46,46,L,L5
NA19318,LWK,L5b2*,L,L5,2,7,16,3,6,5,4,2,2,36,36,46,46,46,L,L5
NA19043,LWK,L5b2*,L,L5,2,7,16,3,6,5,4,2,2,36,36,46,46,46,L,L5
NA19404,LWK,L5b1b,L,L5,2,7,16,3,5,8,8,2,2,36,36,36,52,52,L,L5
NA19374,LWK,L5b1,L,L5,2,7,16,3,5,8,8,2,2,36,36,36,52,52,L,L5
NA19317,LWK,L5a1c,L,L5,2,7,16,3,5,7,7,2,2,36,36,36,36,36,L,L5
NA19308,LWK,L5a1a,L,L5,2,7,16,3,5,7,7,2,2,36,36,36,36,36,L,L5
NA19019,LWK,L5a1b*,L,L5,2,7,16,3,5,7,7,2,2,36,36,36,36,36,L,L5
NA19463,LWK,L4b2a2b,L,L4,1,1,1,4,4,11,12,1,1,1,1,1,55,55,L,L4
NA19445,LWK,L4b2a2c,L,L4,1,1,1,4,4,11,12,1,1,1,1,1,55,55,L,L4
NA19435,LWK,L4b2a2c*,L,L4,1,1,1,4,4,11,12,1,1,1,1,1,55,55,L,L4
NA19434,LWK,L4b2a2c*,L,L4,1,1,1,4,4,11,12,1,1,1,1,1,55,55,L,L4
NA18879,YRI,L4b2b,L,L4,1,1,1,4,4,11,12,1,1,1,1,1,55,55,L,L4
HG03189,ESN,L4b2b,L,L4,1,1,1,4,4,11,12,1,1,1,1,1,55,55,L,L4
HG03139,ESN,L4b2b,L,L4,1,1,1,4,4,11,12,1,1,1,1,1,55,55,L,L4
HG03259,GWD,L4b1a,L,L4,1,1,1,4,4,10,11,1,1,1,1,1,54,54,L,L4
HG02570,GWD,L4b1a,L,L4,1,1,1,4,4,10,11,1,1,1,1,1,54,54,L,L4
HG03458,MSL,L4b1a,L,L4,1,1,1,4,4,10,11,1,1,1,1,1,54,54,L,L4
HG02496,ACB,L4b1a*1,L,L4,1,1,1,4,4,10,11,1,1,1,1,1,54,54,L,L4
NA19383,LWK,L4b1,L,L4,1,1,1,4,4,10,11,1,1,1,1,1,54,54,L,L4
HG03439,MSL,L3f1b1,L,L3,1,1,1,4,4,9,10,1,1,1,1,1,53,53,L,L3
HG03172,ESN,L3f1b1a,L,L3,1,1,1,4,4,9,10,1,1,1,1,1,53,53,L,L3
NA19901,ASW,L3f1b1a,L,L3,1,1,1,4,4,9,10,1,1,1,1,1,53,53,L,L3
NA18881,YRI,L3f1b1a,L,L3,1,1,1,4,4,9,10,1,1,1,1,1,53,53,L,L3
HG03193,ESN,L3f1b1a,L,L3,1,1,1,4,4,9,10,1,1,1,1,1,53,53,L,L3
HG02923,ESN,L3f1b1a,L,L3,1,1,1,4,4,9,10,1,1,1,1,1,53,53,L,L3
NA19213,YRI,L3f1b3,L,L3,1,1,1,4,4,9,10,1,1,1,1,1,53,53,L,L3
HG03111,ESN,L3f1b3,L,L3,1,1,1,4,4,9,10,1,1,1,1,1,53,53,L,L3
HG02946,ESN,L3f1b3,L,L3,1,1,1,4,4,9,10,1,1,1,1,1,53,53,L,L3
HG03162,ESN,L3f1b+16292+150*,L,L3,1,1,1,4,4,9,10,1,1,1,1,1,53,53,L,L3
NA19172,YRI,L3f1b+16292+150*,L,L3,1,1,1,4,4,9,10,1,1,1,1,1,53,53,L,L3
HG02541,ACB,L3f1b4a,L,L3,1,1,1,4,4,9,10,1,1,1,1,1,53,53,L,L3
NA18520,YRI,L3f1b4b,L,L3,1,1,1,4,4,9,10,1,1,1,1,1,53,53,L,L3
HG03303,ESN,L3f1b4c,L,L3,1,1,1,4,4,9,10,1,1,1,1,1,53,53,L,L3
NA20298,ASW,L3k*,L,L3,1,1,1,4,4,13,16,1,1,1,1,1,50,50,L,L3
HG02582,GWD,L3k1,L,L3,1,1,1,4,4,13,16,1,1,1,1,1,50,50,L,L3
HG02143,ACB,L3k1,L,L3,1,1,1,4,4,13,16,1,1,1,1,1,50,50,L,L3
NA19437,LWK,L3i1,L,L3,1,1,1,4,4,13,16,1,1,1,1,1,50,50,L,L3
NA19446,LWK,L3x1a1,L,L3,1,1,2,4,4,13,16,1,1,37,1,1,50,50,L,L3
NA19401,LWK,L3x1a2,L,L3,1,1,2,4,4,13,16,1,1,37,1,1,50,50,L,L3
HG01985,ACB,L3e1,L,L3,1,1,2,4,4,13,16,1,1,37,1,1,50,50,L,L3
HG03196,ESN,L3e1,L,L3,1,1,2,4,4,13,16,1,1,37,1,1,50,50,L,L3
NA19399,LWK,L3e1e*,L,L3,1,1,2,4,4,13,16,1,1,37,1,1,50,50,L,L3
NA19391,LWK,L3e1e*,L,L3,1,1,2,4,4,13,16,1,1,37,1,1,50,50,L,L3
HG02323,ACB,L3e1e,L,L3,1,1,2,4,4,13,16,1,1,37,1,1,50,50,L,L3
NA19818,ASW,L3e1a3a,L,L3,1,1,2,4,4,13,16,1,1,37,1,1,50,50,L,L3
NA19035,LWK,L3e1a3a,L,L3,1,1,2,4,4,13,16,1,1,37,1,1,50,50,L,L3
HG02947,ESN,L3e1a3b,L,L3,1,1,2,4,4,13,16,1,1,37,1,1,50,50,L,L3
HG03126,ESN,L3e1a3b,L,L3,1,1,2,4,4,13,16,1,1,37,1,1,50,50,L,L3
NA19114,YRI,L3e1a3b,L,L3,1,1,2,4,4,13,16,1,1,37,1,1,50,50,L,L3
HG02013,ACB,L3e1a3b,L,L3,1,1,2,4,4,13,16,1,1,37,1,1,50,50,L,L3
HG03520,ESN,L3e1,L,L3,1,1,2,4,4,13,16,1,1,37,1,1,50,50,L,L3
NA19184,YRI,L3e1b1*,L,L3,1,1,2,4,4,13,16,1,1,37,1,1,50,50,L,L3
NA19141,YRI,L3e1b,L,L3,1,1,2,4,4,13,16,1,1,37,1,1,50,50,L,L3
HG03118,ESN,L3e1a*,L,L3,1,1,2,4,4,13,16,1,1,37,1,1,50,50,L,L3
HG03190,ESN,L3e1,L,L3,1,1,2,4,4,13,16,1,1,37,1,1,50,50,L,L3
HG02976,ESN,L3e1,L,L3,1,1,2,4,4,13,16,1,1,37,1,1,50,50,L,L3
HG02943,ESN,L3e3b,L,L3,1,1,2,4,4,13,16,1,1,37,1,1,50,50,L,L3
NA19319,LWK,L3e3b2,L,L3,1,1,2,4,4,13,16,1,1,37,1,1,50,50,L,L3
NA19200,YRI,L3e3b,L,L3,1,1,2,4,4,13,16,1,1,37,1,1,50,50,L,L3
NA19711,ASW,L3e3b,L,L3,1,1,2,4,4,13,16,1,1,37,1,1,50,50,L,L3
HG02817,GWD,L3e3b,L,L3,1,1,2,4,4,13,16,1,1,37,1,1,50,50,L,L3
NA19171,YRI,L3e3b,L,L3,1,1,2,4,4,13,16,1,1,37,1,1,50,50,L,L3
HG03105,ESN,L3e3b,L,L3,1,1,2,4,4,13,16,1,1,37,1,1,50,50,L,L3
NA19900,ASW,L3e3b,L,L3,1,1,2,4,4,13,16,1,1,37,1,1,50,50,L,L3
HG03378,MSL,L3e3b,L,L3,1,1,2,4,4,13,16,1,1,37,1,1,50,50,L,L3
HG03082,MSL,L3e3b,L,L3,1,1,2,4,4,13,16,1,1,37,1,1,50,50,L,L3
HG03372,ESN,L3e3b,L,L3,1,1,2,4,4,13,16,1,1,37,1,1,50,50,L,L3
HG03369,ESN,L3e3b,L,L3,1,1,2,4,4,13,16,1,1,37,1,1,50,50,L,L3
NA18873,YRI,L3e3b,L,L3,1,1,2,4,4,13,16,1,1,37,1,1,50,50,L,L3
NA19315,LWK,L3e3b1,L,L3,1,1,2,4,4,13,16,1,1,37,1,1,50,50,L,L3
HG02666,GWD,L3e4a,L,L3,1,1,2,4,4,13,16,1,1,37,1,1,50,50,L,L3
HG02449,ACB,L3e4a,L,L3,1,1,2,4,4,13,16,1,1,37,1,1,50,50,L,L3
NA18909,YRI,L3e4a,L,L3,1,1,2,4,4,13,16,1,1,37,1,1,50,50,L,L3
HG03081,MSL,L3e4a,L,L3,1,1,2,4,4,13,16,1,1,37,1,1,50,50,L,L3
NA20291,ASW,L3e4a,L,L3,1,1,2,4,4,13,16,1,1,37,1,1,50,50,L,L3
HG02464,GWD,L3e4a,L,L3,1,1,2,4,4,13,16,1,1,37,1,1,50,50,L,L3
HG03556,MSL,L3e4a1,L,L3,1,1,2,4,4,13,16,1,1,37,1,1,50,50,L,L3
HG03212,MSL,L3e4a1,L,L3,1,1,2,4,4,13,16,1,1,37,1,1,50,50,L,L3
HG03025,GWD,L3e4a1,L,L3,1,1,2,4,4,13,16,1,1,37,1,1,50,50,L,L3
HG02769,GWD,L3e4a1,L,L3,1,1,2,4,4,13,16,1,1,37,1,1,50,50,L,L3
NA19020,LWK,L3e2a,L,L3,1,1,2,4,4,13,16,1,1,37,1,1,50,50,L,L3
HG02839,GWD,L3e2a,L,L3,1,1,2,4,4,13,16,1,1,37,1,1,50,50,L,L3
HG03027,GWD,L3e2a3,L,L3,1,1,2,4,4,13,16,1,1,37,1,1,50,50,L,L3
HG02890,GWD,L3e2a3,L,L3,1,1,2,4,4,13,16,1,1,37,1,1,50,50,L,L3
HG02573,GWD,L3e2a3,L,L3,1,1,2,4,4,13,16,1,1,37,1,1,50,50,L,L3
NA19707,ASW,L3e2a*,L,L3,1,1,2,4,4,13,16,1,1,37,1,1,50,50,L,L3
NA19204,YRI,L3e2a*,L,L3,1,1,2,4,4,13,16,1,1,37,1,1,50,50,L,L3
HG03577,MSL,L3e2a,L,L3,1,1,2,4,4,13,16,1,1,37,1,1,50,50,L,L3
HG03478,MSL,L3e2a,L,L3,1,1,2,4,4,13,16,1,1,37,1,1,50,50,L,L3
NA19921,ASW,L3e2a,L,L3,1,1,2,4,4,13,16,1,1,37,1,1,50,50,L,L3
HG02938,ESN,L3e2a,L,L3,1,1,2,4,4,13,16,1,1,37,1,1,50,50,L,L3
NA19704,ASW,L3e2a1a,L,L3,1,1,2,4,4,13,16,1,1,37,1,1,50,50,L,L3
HG02012,ACB,L3e2a1a,L,L3,1,1,2,4,4,13,16,1,1,37,1,1,50,50,L,L3
NA19092,YRI,L3e2a1b,L,L3,1,1,2,4,4,13,16,1,1,37,1,1,50,50,L,L3
NA19118,YRI,L3e2a1b,L,L3,1,1,2,4,4,13,16,1,1,37,1,1,50,50,L,L3
HG03175,ESN,L3e2a1b1,L,L3,1,1,2,4,4,13,16,1,1,37,1,1,50,50,L,L3
NA18934,YRI,L3e2a1b1,L,L3,1,1,2,4,4,13,16,1,1,37,1,1,50,50,L,L3
HG02944,ESN,L3e2a1b1,L,L3,1,1,2,4,4,13,16,1,1,37,1,1,50,50,L,L3
HG02450,ACB,L3e2a1b1,L,L3,1,1,2,4,4,13,16,1,1,37,1,1,50,50,L,L3
HG03301,ESN,L3e2a1b1,L,L3,1,1,2,4,4,13,16,1,1,37,1,1,50,50,L,L3
NA18499,YRI,L3e2a1b1,L,L3,1,1,2,4,4,13,16,1,1,37,1,1,50,50,L,L3
HG02537,ACB,L3e2a1b1,L,L3,1,1,2,4,4,13,16,1,1,37,1,1,50,50,L,L3
NA20278,ASW,L3e2a1b1,L,L3,1,1,2,4,4,13,16,1,1,37,1,1,50,50,L,L3
NA19214,YRI,L3e2a1b1,L,L3,1,1,2,4,4,13,16,1,1,37,1,1,50,50,L,L3
HG01912,ACB,L3e2a1b,L,L3,1,1,2,4,4,13,16,1,1,37,1,1,50,50,L,L3
NA19819,ASW,L3e2b+152*,L,L3,1,1,2,4,4,13,16,1,1,37,1,1,50,50,L,L3
HG02807,GWD,L3e2b,L,L3,1,1,2,4,4,13,16,1,1,37,1,1,50,50,L,L3
NA18502,YRI,L3e2b1a2,L,L3,1,1,2,4,4,13,16,1,1,37,1,1,50,50,L,L3
HG03115,ESN,L3e2b1a2,L,L3,1,1,2,4,4,13,16,1,1,37,1,1,50,50,L,L3
HG02973,ESN,L3e2b1a2,L,L3,1,1,2,4,4,13,16,1,1,37,1,1,50,50,L,L3
NA20348,ASW,L3e2b1a1*,L,L3,1,1,2,4,4,13,16,1,1,37,1,1,50,50,L,L3
NA20346,ASW,L3e2b1a1*,L,L3,1,1,2,4,4,13,16,1,1,37,1,1,50,50,L,L3
HG03352,ESN,L3e2b1a1,L,L3,1,1,2,4,4,13,16,1,1,37,1,1,50,50,L,L3
HG03061,MSL,L3e2b1a,L,L3,1,1,2,4,4,13,16,1,1,37,1,1,50,50,L,L3
HG03195,ESN,L3e2b1,L,L3,1,1,2,4,4,13,16,1,1,37,1,1,50,50,L,L3
HG03572,MSL,L3e2b,L,L3,1,1,2,4,4,13,16,1,1,37,1,1,50,50,L,L3
NA18853,YRI,L3e2b,L,L3,1,1,2,4,4,13,16,1,1,37,1,1,50,50,L,L3
NA19309,LWK,L3e2b,L,L3,1,1,2,4,4,13,16,1,1,37,1,1,50,50,L,L3
NA18504,YRI,L3e2b,L,L3,1,1,2,4,4,13,16,1,1,37,1,1,50,50,L,L3
HG03280,ESN,L3e2b8,L,L3,1,1,2,4,4,13,16,1,1,37,1,1,50,50,L,L3
HG03304,ESN,L3e2b3,L,L3,1,1,2,4,4,13,16,1,1,37,1,1,50,50,L,L3
HG03160,ESN,L3e2b8,L,L3,1,1,2,4,4,13,16,1,1,37,1,1,50,50,L,L3
NA18488,YRI,L3e2b8,L,L3,1,1,2,4,4,13,16,1,1,37,1,1,50,50,L,L3
HG03511,ESN,L3e2b,L,L3,1,1,2,4,4,13,16,1,1,37,1,1,50,50,L,L3
HG02308,ACB,L3e2b,L,L3,1,1,2,4,4,13,16,1,1,37,1,1,50,50,L,L3
NA19160,YRI,L3e2b2*,L,L3,1,1,2,4,4,13,16,1,1,37,1,1,50,50,L,L3
NA19147,YRI,L3e2b6,L,L3,1,1,2,4,4,13,16,1,1,37,1,1,50,50,L,L3
NA19236,YRI,L3e2b+152,L,L3,1,1,2,4,4,13,16,1,1,37,1,1,50,50,L,L3
NA20342,ASW,L3e2b+152,L,L3,1,1,2,4,4,13,16,1,1,37,1,1,50,50,L,L3
NA19700,ASW,L3e2b+152,L,L3,1,1,2,4,4,13,16,1,1,37,1,1,50,50,L,L3
HG02968,ESN,L3e2b+152,L,L3,1,1,2,4,4,13,16,1,1,37,1,1,50,50,L,L3
NA19113,YRI,L3e2b+152,L,L3,1,1,2,4,4,13,16,1,1,37,1,1,50,50,L,L3
NA19238,YRI,L3e2b5,L,L3,1,1,2,4,4,13,16,1,1,37,1,1,50,50,L,L3
NA19138,YRI,L3e2b3,L,L3,1,1,2,4,4,13,16,1,1,37,1,1,50,50,L,L3
HG02315,ACB,L3e2b3,L,L3,1,1,2,4,4,13,16,1,1,37,1,1,50,50,L,L3
NA19235,YRI,L3e2b+152,L,L3,1,1,2,4,4,13,16,1,1,37,1,1,50,50,L,L3
HG03419,MSL,L3e2b+152,L,L3,1,1,2,4,4,13,16,1,1,37,1,1,50,50,L,L3
NA19438,LWK,L3a2,L,L3,1,1,1,4,4,19,30,1,1,1,1,1,57,57,L,L3
NA19377,LWK,L3h1a2a1,L,L3,1,1,1,4,4,17,26,1,1,1,1,1,1,67,L,L3
NA19038,LWK,L3h1a2a1,L,L3,1,1,1,4,4,17,26,1,1,1,1,1,1,67,L,L3
NA19457,LWK,L3h1a1,L,L3,1,1,1,4,4,17,26,1,1,1,1,1,1,67,L,L3
NA19037,LWK,L3h1a1,L,L3,1,1,1,4,4,17,26,1,1,1,1,1,1,67,L,L3
NA19384,LWK,L3h1b1a*1,L,L3,1,1,1,4,4,17,25,1,1,1,1,1,1,66,L,L3
HG03583,MSL,L3h1b1a*4,L,L3,1,1,1,4,4,17,25,1,1,1,1,1,1,66,L,L3
HG03558,MSL,L3h1b1a*4,L,L3,1,1,1,4,4,17,25,1,1,1,1,1,1,66,L,L3
HG03024,GWD,L3h1b2,L,L3,1,1,1,4,4,17,25,1,1,1,1,1,1,66,L,L3
NA19920,ASW,L3h1b2,L,L3,1,1,1,4,4,17,25,1,1,1,1,1,1,66,L,L3
HG03045,GWD,L3h1b2,L,L3,1,1,1,4,4,17,25,1,1,1,1,1,1,66,L,L3
HG02805,GWD,L3h1b2,L,L3,1,1,1,4,4,17,25,1,1,1,1,1,1,66,L,L3
HG02614,GWD,L3h1b2,L,L3,1,1,1,4,4,17,25,1,1,1,1,1,1,66,L,L3
NA18858,YRI,L3b3,L,L3,1,2,4,4,4,17,24,1,33,38,1,1,1,65,L,L3
HG03086,MSL,L3b3,L,L3,1,2,4,4,4,17,24,1,33,38,1,1,1,65,L,L3
NA19107,YRI,L3b2a,L,L3,1,2,4,4,4,17,24,1,33,38,1,1,1,65,L,L3
HG02813,GWD,L3b2a,L,L3,1,2,4,4,4,17,24,1,33,38,1,1,1,65,L,L3
HG02722,GWD,L3b2a,L,L3,1,2,4,4,4,17,24,1,33,38,1,1,1,65,L,L3
HG02465,GWD,L3b2a,L,L3,1,2,4,4,4,17,24,1,33,38,1,1,1,65,L,L3
HG02470,ACB,L3b2b,L,L3,1,2,4,4,4,17,24,1,33,38,1,1,1,65,L,L3
NA18916,YRI,L3b2b,L,L3,1,2,4,4,4,17,24,1,33,38,1,1,1,65,L,L3
HG02634,GWD,L3b2b,L,L3,1,2,4,4,4,17,24,1,33,38,1,1,1,65,L,L3
HG01879,ACB,L3b2b,L,L3,1,2,4,4,4,17,24,1,33,38,1,1,1,65,L,L3
HG03054,MSL,L3b1,L,L3,1,2,4,4,4,17,24,1,33,38,1,1,1,65,L,L3
HG02613,GWD,L3b1,L,L3,1,2,4,4,4,17,24,1,33,38,1,1,1,65,L,L3
HG03294,ESN,L3b1b,L,L3,1,2,4,4,4,17,24,1,33,38,1,1,1,65,L,L3
HG03055,MSL,L3b1,L,L3,1,2,4,4,4,17,24,1,33,38,1,1,1,65,L,L3
HG02854,GWD,L3b1,L,L3,1,2,4,4,4,17,24,1,33,38,1,1,1,65,L,L3
HG02623,GWD,L3b1,L,L3,1,2,4,4,4,17,24,1,33,38,1,1,1,65,L,L3
HG03394,MSL,L3b1a6,L,L3,1,2,4,4,4,17,24,1,33,38,1,1,1,65,L,L3
HG02330,ACB,L3b1a6,L,L3,1,2,4,4,4,17,24,1,33,38,1,1,1,65,L,L3
HG02810,GWD,L3b1a5,L,L3,1,2,4,4,4,17,24,1,33,38,1,1,1,65,L,L3
NA18865,YRI,L3b1a5a,L,L3,1,2,4,4,4,17,24,1,33,38,1,1,1,65,L,L3
NA18907,YRI,L3b1a5a,L,L3,1,2,4,4,4,17,24,1,33,38,1,1,1,65,L,L3
HG03565,MSL,L3b1a5,L,L3,1,2,4,4,4,17,24,1,33,38,1,1,1,65,L,L3
HG03095,MSL,L3b1a5,L,L3,1,2,4,4,4,17,24,1,33,38,1,1,1,65,L,L3
NA19257,YRI,L3b1a10*,L,L3,1,2,4,4,4,17,24,1,33,38,1,1,1,65,L,L3
HG03521,ESN,L3b1a10,L,L3,1,2,4,4,4,17,24,1,33,38,1,1,1,65,L,L3
HG03446,MSL,L3b1a,L,L3,1,2,4,4,4,17,24,1,33,38,1,1,1,65,L,L3
HG03124,ESN,L3b1a,L,L3,1,2,4,4,4,17,24,1,33,38,1,1,1,65,L,L3
HG02594,GWD,L3b1a,L,L3,1,2,4,4,4,17,24,1,33,38,1,1,1,65,L,L3
HG02461,GWD,L3b1a,L,L3,1,2,4,4,4,17,24,1,33,38,1,1,1,65,L,L3
HG03108,ESN,L3b1a+@16124*,L,L3,1,2,4,4,4,17,24,1,33,38,1,1,1,65,L,L3
NA19098,YRI,L3b1a+152*1,L,L3,1,2,4,4,4,17,24,1,33,38,1,1,1,65,L,L3
NA19913,ASW,L3b1a+@16124*,L,L3,1,2,4,4,4,17,24,1,33,38,1,1,1,65,L,L3
HG03370,ESN,L3b1a+@16124*,L,L3,1,2,4,4,4,17,24,1,33,38,1,1,1,65,L,L3
HG02309,ACB,L3b1a+@16124*,L,L3,1,2,4,4,4,17,24,1,33,38,1,1,1,65,L,L3
HG01914,ACB,L3b1a*1,L,L3,1,2,4,4,4,17,24,1,33,38,1,1,1,65,L,L3
HG03039,GWD,L3b1a+@16124,L,L3,1,2,4,4,4,17,24,1,33,38,1,1,1,65,L,L3
HG02721,GWD,L3b1a9a,L,L3,1,2,4,4,4,17,24,1,33,38,1,1,1,65,L,L3
NA19143,YRI,L3b1a7a,L,L3,1,2,4,4,4,17,24,1,33,38,1,1,1,65,L,L3
NA18508,YRI,L3b1a7a*,L,L3,1,2,4,4,4,17,24,1,33,38,1,1,1,65,L,L3
NA19119,YRI,L3b1a7a,L,L3,1,2,4,4,4,17,24,1,33,38,1,1,1,65,L,L3
HG02471,ACB,L3b1a7a,L,L3,1,2,4,4,4,17,24,1,33,38,1,1,1,65,L,L3
HG02107,ACB,L3b1a7a,L,L3,1,2,4,4,4,17,24,1,33,38,1,1,1,65,L,L3
HG03246,GWD,L3b1a+@16124,L,L3,1,2,4,4,4,17,24,1,33,38,1,1,1,65,L,L3
NA19175,YRI,L3b1a8,L,L3,1,2,4,4,4,17,24,1,33,38,1,1,1,65,L,L3
NA19222,YRI,L3b1a8,L,L3,1,2,4,4,4,17,24,1,33,38,1,1,1,65,L,L3
NA18871,YRI,L3b1a1,L,L3,1,2,4,4,4,17,24,1,33,38,1,1,1,65,L,L3
NA19372,LWK,L3b1a1a,L,L3,1,2,4,4,4,17,24,1,33,38,1,1,1,65,L,L3
NA19380,LWK,L3b1a1a,L,L3,1,2,4,4,4,17,24,1,33,38,1,1,1,65,L,L3
NA19429,LWK,L3b1a1a,L,L3,1,2,4,4,4,17,24,1,33,38,1,1,1,65,L,L3
NA19307,LWK,L3b1a1a,L,L3,1,2,4,4,4,17,24,1,33,38,1,1,1,65,L,L3
NA19324,LWK,L3b1a1a,L,L3,1,2,4,4,4,17,24,1,33,38,1,1,1,65,L,L3
NA19320,LWK,L3b1a1a,L,L3,1,2,4,4,4,17,24,1,33,38,1,1,1,65,L,L3
NA19355,LWK,L3b1a1a,L,L3,1,2,4,4,4,17,24,1,33,38,1,1,1,65,L,L3
NA19473,LWK,L3b1a1a,L,L3,1,2,4,4,4,17,24,1,33,38,1,1,1,65,L,L3
NA19338,LWK,L3b1a1a,L,L3,1,2,4,4,4,17,24,1,33,38,1,1,1,65,L,L3
NA19428,LWK,L3b1a1a,L,L3,1,2,4,4,4,17,24,1,33,38,1,1,1,65,L,L3
NA19375,LWK,L3b1a1a,L,L3,1,2,4,4,4,17,24,1,33,38,1,1,1,65,L,L3
NA19472,LWK,L3b1a1a,L,L3,1,2,4,4,4,17,24,1,33,38,1,1,1,65,L,L3
NA19439,LWK,L3b1a1a,L,L3,1,2,4,4,4,17,24,1,33,38,1,1,1,65,L,L3
NA19346,LWK,L3b1a1a,L,L3,1,2,4,4,4,17,24,1,33,38,1,1,1,65,L,L3
NA19397,LWK,L3b1a1a,L,L3,1,2,4,4,4,17,24,1,33,38,1,1,1,65,L,L3
NA19451,LWK,L3b1a1a,L,L3,1,2,4,4,4,17,24,1,33,38,1,1,1,65,L,L3
NA19347,LWK,L3b1a1a,L,L3,1,2,4,4,4,17,24,1,33,38,1,1,1,65,L,L3
NA19026,LWK,L3b1a1a,L,L3,1,2,4,4,4,17,24,1,33,38,1,1,1,65,L,L3
NA19360,LWK,L3b1a1a,L,L3,1,2,4,4,4,17,24,1,33,38,1,1,1,65,L,L3
NA19334,LWK,L3b1a1a,L,L3,1,2,4,4,4,17,24,1,33,38,1,1,1,65,L,L3
NA19331,LWK,L3b1a1a,L,L3,1,2,4,4,4,17,24,1,33,38,1,1,1,65,L,L3
NA19468,LWK,L3b1a1a,L,L3,1,2,4,4,4,17,24,1,33,38,1,1,1,65,L,L3
NA19475,LWK,L3b1a1a,L,L3,1,2,4,4,4,17,24,1,33,38,1,1,1,65,L,L3
NA19436,LWK,L3b1a1a,L,L3,1,2,4,4,4,17,24,1,33,38,1,1,1,65,L,L3
NA19310,LWK,L3b1a1a,L,L3,1,2,4,4,4,17,24,1,33,38,1,1,1,65,L,L3
NA19321,LWK,L3b1a1a,L,L3,1,2,4,4,4,17,24,1,33,38,1,1,1,65,L,L3
NA19456,LWK,L3b1a1a,L,L3,1,2,4,4,4,17,24,1,33,38,1,1,1,65,L,L3
NA19017,LWK,L3b1a1a,L,L3,1,2,4,4,4,17,24,1,33,38,1,1,1,65,L,L3
NA19036,LWK,L3b1a1a,L,L3,1,2,4,4,4,17,24,1,33,38,1,1,1,65,L,L3
NA20318,ASW,L3d4,L,L3,1,2,3,4,4,17,23,1,33,33,1,1,1,64,L,L3
NA20317,ASW,L3d4,L,L3,1,2,3,4,4,17,23,1,33,33,1,1,1,64,L,L3
NA20296,ASW,L3d4,L,L3,1,2,3,4,4,17,23,1,33,33,1,1,1,64,L,L3
HG02255,ACB,L3d4,L,L3,1,2,3,4,4,17,23,1,33,33,1,1,1,64,L,L3
NA19922,ASW,L3d3a1,L,L3,1,2,3,4,4,17,23,1,33,33,1,1,1,64,L,L3
HG02675,GWD,L3d3a,L,L3,1,2,3,4,4,17,23,1,33,33,1,1,1,64,L,L3
HG01894,ACB,L3d3b,L,L3,1,2,3,4,4,17,23,1,33,33,1,1,1,64,L,L3
NA18864,YRI,L3d6,L,L3,1,2,3,4,4,17,23,1,33,33,1,1,1,64,L,L3
HG03445,MSL,L3d1'2'3'4'5'6*,L,L3,1,2,3,4,4,17,23,1,33,33,1,1,1,64,L,L3
HG02771,GWD,L3d1'2'3'4'5'6,L,L3,1,2,3,4,4,17,23,1,33,33,1,1,1,64,L,L3
HG02558,ACB,L3d1'2'3'4'5'6,L,L3,1,2,3,4,4,17,23,1,33,33,1,1,1,64,L,L3
NA19121,YRI,L3d5a,L,L3,1,2,3,4,4,17,23,1,33,33,1,1,1,64,L,L3
NA19144,YRI,L3d5a*,L,L3,1,2,3,4,4,17,23,1,33,33,1,1,1,64,L,L3
HG03265,ESN,L3d5a*,L,L3,1,2,3,4,4,17,23,1,33,33,1,1,1,64,L,L3
HG03198,ESN,L3d5a*,L,L3,1,2,3,4,4,17,23,1,33,33,1,1,1,64,L,L3
HG03224,MSL,L3d2,L,L3,1,2,3,4,4,17,23,1,33,33,1,1,1,64,L,L3
NA19153,YRI,L3d2b*2,L,L3,1,2,3,4,4,17,23,1,33,33,1,1,1,64,L,L3
HG02953,ESN,L3d2b,L,L3,1,2,3,4,4,17,23,1,33,33,1,1,1,64,L,L3
HG02585,GWD,L3d2b,L,L3,1,2,3,4,4,17,23,1,33,33,1,1,1,64,L,L3
HG03129,ESN,L3d2a,L,L3,1,2,3,4,4,17,23,1,33,33,1,1,1,64,L,L3
HG03247,GWD,L3d2a,L,L3,1,2,3,4,4,17,23,1,33,33,1,1,1,64,L,L3
HG02574,GWD,L3d2a,L,L3,1,2,3,4,4,17,23,1,33,33,1,1,1,64,L,L3
HG03100,ESN,L3d1d*2,L,L3,1,2,3,4,4,17,23,1,33,33,1,1,1,64,L,L3
HG02610,GWD,L3d1,L,L3,1,2,3,4,4,17,23,1,33,33,1,1,1,64,L,L3
HG03518,ESN,L3d1c1,L,L3,1,2,3,4,4,17,23,1,33,33,1,1,1,64,L,L3
NA20339,ASW,L3d1c1*,L,L3,1,2,3,4,4,17,23,1,33,33,1,1,1,64,L,L3
HG02339,ACB,L3d1c,L,L3,1,2,3,4,4,17,23,1,33,33,1,1,1,64,L,L3
HG02798,GWD,L3d1a1b,L,L3,1,2,3,4,4,17,23,1,33,33,1,1,1,64,L,L3
NA18867,YRI,L3d1a1b,L,L3,1,2,3,4,4,17,23,1,33,33,1,1,1,64,L,L3
HG03241,GWD,L3d1a1b,L,L3,1,2,3,4,4,17,23,1,33,33,1,1,1,64,L,L3
HG02583,GWD,L3d1a1b,L,L3,1,2,3,4,4,17,23,1,33,33,1,1,1,64,L,L3
NA19030,LWK,L3d1a1a1,L,L3,1,2,3,4,4,17,23,1,33,33,1,1,1,64,L,L3
NA19316,LWK,L3d1a,L,L3,1,2,3,4,4,17,23,1,33,33,1,1,1,64,L,L3
NA20294,ASW,L3d1b3a,L,L3,1,2,3,4,4,17,23,1,33,33,1,1,1,64,L,L3
HG03567,MSL,L3d1b3a*1,L,L3,1,2,3,4,4,17,23,1,33,33,1,1,1,64,L,L3
HG02095,ACB,L3d1b3,L,L3,1,2,3,4,4,17,23,1,33,33,1,1,1,64,L,L3
HG03040,GWD,L3d1b*1,L,L3,1,2,3,4,4,17,23,1,33,33,1,1,1,64,L,L3
HG02586,GWD,L3d1b1b,L,L3,1,2,3,4,4,17,23,1,33,33,1,1,1,64,L,L3
HG03559,MSL,L3d1b1,L,L3,1,2,3,4,4,17,23,1,33,33,1,1,1,64,L,L3
HG02768,GWD,L3d1b1,L,L3,1,2,3,4,4,17,23,1,33,33,1,1,1,64,L,L3
HG02702,GWD,L3d1b1,L,L3,1,2,3,4,4,17,23,1,33,33,1,1,1,64,L,L3
HG02628,GWD,L3d1b1,L,L3,1,2,3,4,4,17,23,1,33,33,1,1,1,64,L,L3
HG03366,ESN,L3d1b2,L,L3,1,2,3,4,4,17,23,1,33,33,1,1,1,64,L,L3
HG02484,ACB,L3d1b2,L,L3,1,2,3,4,4,17,23,1,33,33,1,1,1,64,L,L3
HG02318,ACB,L3d1b2,L,L3,1,2,3,4,4,17,23,1,33,33,1,1,1,64,L,L3
NA19025,LWK,M1a1b,M,M,1,1,1,4,4,17,22,1,1,1,1,1,1,1,M,M
NA19982,ASW,M32c,M,M,1,1,1,4,4,17,22,1,1,1,1,1,1,1,M,M
HG02256,ACB,C,C,C,1,1,1,4,4,17,22,1,1,1,1,1,1,1,C,C
NA20299,ASW,C,C,C,1,1,1,4,4,17,22,1,1,1,1,1,1,1,C,C
NA19701,ASW,D1*4,D,D,1,1,1,4,4,17,22,1,1,1,1,1,1,1,D,D
HG02511,ACB,A2n*2,A,A,1,1,1,4,4,16,21,1,1,1,1,1,48,63,A,A
NA20314,ASW,A2+(64)+16189,A,A,1,1,1,4,4,16,21,1,1,1,1,1,48,63,A,A
HG02334,ACB,J2b1a,J,J,1,1,1,4,4,16,20,1,1,1,1,1,48,48,J,J
HG03258,GWD,U6a5*,U,U,1,1,1,4,4,16,20,1,1,1,1,1,48,48,U,U
HG03538,GWD,U6a5*,U,U,1,1,1,4,4,16,20,1,1,1,1,1,48,48,U,U
NA20356,ASW,U6a5*,U,U,1,1,1,4,4,16,20,1,1,1,1,1,48,48,U,U
HG02884,GWD,U6a5*,U,U,1,1,1,4,4,16,20,1,1,1,1,1,48,48,U,U
HG02763,GWD,U6a5*,U,U,1,1,1,4,4,16,20,1,1,1,1,1,48,48,U,U
HG03479,MSL,U6a3,U,U,1,1,1,4,4,16,20,1,1,1,1,1,48,48,U,U
HG03060,MSL,U6a3,U,U,1,1,1,4,4,16,20,1,1,1,1,1,48,48,U,U
HG02054,ACB,U6a3c,U,U,1,1,1,4,4,16,20,1,1,1,1,1,48,48,U,U
HG02816,GWD,U6a3f,U,U,1,1,1,4,4,16,20,1,1,1,1,1,48,48,U,U
HG02621,GWD,U6a3f,U,U,1,1,1,4,4,16,20,1,1,1,1,1,48,48,U,U
HG02445,ACB,B4a1a1b,B,B,1,1,1,4,4,16,20,1,1,1,1,1,48,48,B,B
HG02485,ACB,H7,H,H,1,1,1,4,4,16,20,1,1,1,1,1,48,48,H,H
HG03240,GWD,L2e,L,L2,2,6,12,5,8,6,6,2,31,31,31,47,47,47,L,L2
HG03209,MSL,L2e,L,L2,2,6,12,5,8,6,6,2,31,31,31,47,47,47,L,L2
NA19201,YRI,L2e1*1a,L,L2,2,6,12,5,8,6,6,2,31,31,31,47,47,47,L,L2
HG03367,ESN,L2e1a,L,L2,2,6,12,5,8,6,6,2,31,31,31,47,47,47,L,L2
NA19108,YRI,L2e1a,L,L2,2,6,12,5,8,6,6,2,31,31,31,47,47,47,L,L2
NA19146,YRI,L2e1a,L,L2,2,6,12,5,8,6,6,2,31,31,31,47,47,47,L,L2
HG03130,ESN,L2e1a,L,L2,2,6,12,5,8,6,6,2,31,31,31,47,47,47,L,L2
NA19028,LWK,L2a5*1,L,L2,2,6,12,5,7,12,13,2,31,31,31,31,31,31,L,L2
NA19443,LWK,L2a2b1*,L,L2,1,3,13,5,7,12,13,1,35,35,31,31,31,31,L,L2
NA19393,LWK,L2a4b,L,L2,1,3,13,5,7,12,13,1,35,35,31,31,31,31,L,L2
NA19376,LWK,L2a4b,L,L2,1,3,13,5,7,12,13,1,35,35,31,31,31,31,L,L2
NA19152,YRI,L2a1b2,L,L2,1,3,13,5,7,12,13,1,35,35,31,31,31,31,L,L2
HG03202,ESN,L2a1b1,L,L2,1,3,13,5,7,12,13,1,35,35,31,31,31,31,L,L2
HG02577,ACB,L2a1b1,L,L2,1,3,13,5,7,12,13,1,35,35,31,31,31,31,L,L2
HG03132,ESN,L2a1b1,L,L2,1,3,13,5,7,12,13,1,35,35,31,31,31,31,L,L2
NA19129,YRI,L2a1b1,L,L2,1,3,13,5,7,12,13,1,35,35,31,31,31,31,L,L2
NA20357,ASW,L2a1e1,L,L2,1,3,13,5,7,12,13,1,35,35,31,31,31,31,L,L2
NA19116,YRI,L2a1e1,L,L2,1,3,13,5,7,12,13,1,35,35,31,31,31,31,L,L2
HG02337,ACB,L2a1e1,L,L2,1,3,13,5,7,12,13,1,35,35,31,31,31,31,L,L2
HG01958,ACB,L2a1e1,L,L2,1,3,13,5,7,12,13,1,35,35,31,31,31,31,L,L2
HG03028,GWD,L2a1,L,L2,1,3,13,5,7,12,13,1,35,35,31,31,31,31,L,L2
NA19239,YRI,L2a1p,L,L2,1,3,13,5,7,12,13,1,35,35,31,31,31,31,L,L2
HG02419,ACB,L2a1+143+@16309,L,L2,1,3,13,5,7,12,13,1,35,35,31,31,31,31,L,L2
NA19403,LWK,L2a1+143+16189+(16192)+@16309*2,L,L2,1,3,13,5,7,12,13,1,35,35,31,31,31,31,L,L2
HG02009,ACB,L2a1i,L,L2,1,3,13,5,7,12,13,1,35,35,31,31,31,31,L,L2
HG03461,MSL,L2a1i,L,L2,1,3,13,5,7,12,13,1,35,35,31,31,31,31,L,L2
HG03064,MSL,L2a1i,L,L2,1,3,13,5,7,12,13,1,35,35,31,31,31,31,L,L2
HG03432,MSL,L2a1i,L,L2,1,3,13,5,7,12,13,1,35,35,31,31,31,31,L,L2
NA18878,YRI,L2a1i1,L,L2,1,3,13,5,7,12,13,1,35,35,31,31,31,31,L,L2
HG02497,ACB,L2a1i1,L,L2,1,3,13,5,7,12,13,1,35,35,31,31,31,31,L,L2
HG02314,ACB,L2a1i1,L,L2,1,3,13,5,7,12,13,1,35,35,31,31,31,31,L,L2
HG02554,ACB,L2a1i1,L,L2,1,3,13,5,7,12,13,1,35,35,31,31,31,31,L,L2
NA18856,YRI,L2a1b3,L,L2,1,3,13,5,7,12,13,1,35,35,31,31,31,31,L,L2
HG02489,ACB,L2a1b+143,L,L2,1,3,13,5,7,12,13,1,35,35,31,31,31,31,L,L2
NA20274,ASW,L2a1b+143*,L,L2,1,3,13,5,7,12,13,1,35,35,31,31,31,31,L,L2
NA19625,ASW,L2a1b+143*,L,L2,1,3,13,5,7,12,13,1,35,35,31,31,31,31,L,L2
NA18519,YRI,L2a1+143,L,L2,1,3,13,5,7,12,13,1,35,35,31,31,31,31,L,L2
HG02325,ACB,L2a1+143,L,L2,1,3,13,5,7,12,13,1,35,35,31,31,31,31,L,L2
NA19225,YRI,L2a1+143,L,L2,1,3,13,5,7,12,13,1,35,35,31,31,31,31,L,L2
HG03342,ESN,L2a1+143,L,L2,1,3,13,5,7,12,13,1,35,35,31,31,31,31,L,L2
HG03121,ESN,L2a1+143,L,L2,1,3,13,5,7,12,13,1,35,35,31,31,31,31,L,L2
NA19099,YRI,L2a1m,L,L2,1,3,13,5,7,12,13,1,35,35,31,31,31,31,L,L2
NA19394,LWK,L2a1+143,L,L2,1,3,13,5,7,12,13,1,35,35,31,31,31,31,L,L2
HG02679,GWD,L2a1c,L,L2,1,3,13,5,7,12,13,1,35,35,31,31,31,31,L,L2
HG03078,MSL,L2a1c,L,L2,1,3,13,5,7,12,13,1,35,35,31,31,31,31,L,L2
NA18868,YRI,L2a1c1a1,L,L2,1,3,13,5,7,12,13,1,35,35,31,31,31,31,L,L2
NA20351,ASW,L2a1c1a2*,L,L2,1,3,13,5,7,12,13,1,35,35,31,31,31,31,L,L2
HG03117,ESN,L2a1c1a2,L,L2,1,3,13,5,7,12,13,1,35,35,31,31,31,31,L,L2
HG02508,ACB,L2a1c4a1,L,L2,1,3,13,5,7,12,13,1,35,35,31,31,31,31,L,L2
NA18912,YRI,L2a1c4a1,L,L2,1,3,13,5,7,12,13,1,35,35,31,31,31,31,L,L2
HG03571,MSL,L2a1c3a,L,L2,1,3,13,5,7,12,13,1,35,35,31,31,31,31,L,L2
HG03557,MSL,L2a1c3a,L,L2,1,3,13,5,7,12,13,1,35,35,31,31,31,31,L,L2
NA19923,ASW,L2a1c3a1*,L,L2,1,3,13,5,7,12,13,1,35,35,31,31,31,31,L,L2
HG02895,GWD,L2a1c3a1*,L,L2,1,3,13,5,7,12,13,1,35,35,31,31,31,31,L,L2
HG02861,GWD,L2a1c3a1*,L,L2,1,3,13,5,7,12,13,1,35,35,31,31,31,31,L,L2
HG01896,ACB,L2a1c3a,L,L2,1,3,13,5,7,12,13,1,35,35,31,31,31,31,L,L2
NA19130,YRI,L2a1c3b2,L,L2,1,3,13,5,7,12,13,1,35,35,31,31,31,31,L,L2
NA19096,YRI,L2a1c3b2,L,L2,1,3,13,5,7,12,13,1,35,35,31,31,31,31,L,L2
HG03088,MSL,L2a1c3b1,L,L2,1,3,13,5,7,12,13,1,35,35,31,31,31,31,L,L2
HG02851,GWD,L2a1c3b,L,L2,1,3,13,5,7,12,13,1,35,35,31,31,31,31,L,L2
NA19908,ASW,L2a1c,L,L2,1,3,13,5,7,12,13,1,35,35,31,31,31,31,L,L2
HG02819,GWD,L2a1c2,L,L2,1,3,13,5,7,12,13,1,35,35,31,31,31,31,L,L2
NA18910,YRI,L2a1c2a,L,L2,1,3,13,5,7,12,13,1,35,35,31,31,31,31,L,L2
HG03449,MSL,L2a1c2,L,L2,1,3,13,5,7,12,13,1,35,35,31,31,31,31,L,L2
HG02808,GWD,L2a1c,L,L2,1,3,13,5,7,12,13,1,35,35,31,31,31,31,L,L2
HG02502,ACB,L2a1c,L,L2,1,3,13,5,7,12,13,1,35,35,31,31,31,31,L,L2
HG02549,ACB,L2a1c5,L,L2,1,3,13,5,7,12,13,1,35,35,31,31,31,31,L,L2
NA18908,YRI,L2a1c5,L,L2,1,3,13,5,7,12,13,1,35,35,31,31,31,31,L,L2
HG02455,ACB,L2a1c5,L,L2,1,3,13,5,7,12,13,1,35,35,31,31,31,31,L,L2
NA19093,YRI,L2a1c5,L,L2,1,3,13,5,7,12,13,1,35,35,31,31,31,31,L,L2
HG02546,ACB,L2a1c5,L,L2,1,3,13,5,7,12,13,1,35,35,31,31,31,31,L,L2
NA19149,YRI,L2a1c5,L,L2,1,3,13,5,7,12,13,1,35,35,31,31,31,31,L,L2
HG02317,ACB,L2a1c5,L,L2,1,3,13,5,7,12,13,1,35,35,31,31,31,31,L,L2
NA20332,ASW,L2a1l1b,L,L2,1,3,13,5,7,12,13,1,35,35,31,31,31,31,L,L2
HG03457,MSL,L2a1l1b,L,L2,1,3,13,5,7,12,13,1,35,35,31,31,31,31,L,L2
HG03428,MSL,L2a1l1b,L,L2,1,3,13,5,7,12,13,1,35,35,31,31,31,31,L,L2
HG03382,MSL,L2a1l1b,L,L2,1,3,13,5,7,12,13,1,35,35,31,31,31,31,L,L2
HG02281,ACB,L2a1l1a,L,L2,1,3,13,5,7,12,13,1,35,35,31,31,31,31,L,L2
HG03097,MSL,L2a1l,L,L2,1,3,13,5,7,12,13,1,35,35,31,31,31,31,L,L2
HG02716,GWD,L2a1l2,L,L2,1,3,13,5,7,12,13,1,35,35,31,31,31,31,L,L2
HG02620,GWD,L2a1l2,L,L2,1,3,13,5,7,12,13,1,35,35,31,31,31,31,L,L2
HG02629,GWD,L2a1l2,L,L2,1,3,13,5,7,12,13,1,35,35,31,31,31,31,L,L2
HG03485,MSL,L2a1+143+@16309,L,L2,1,3,13,5,7,12,13,1,35,35,31,31,31,31,L,L2
HG03401,MSL,L2a1l,L,L2,1,3,13,5,7,12,13,1,35,35,31,31,31,31,L,L2
HG03547,MSL,L2a1l,L,L2,1,3,13,5,7,12,13,1,35,35,31,31,31,31,L,L2
HG03085,MSL,L2a1l,L,L2,1,3,13,5,7,12,13,1,35,35,31,31,31,31,L,L2
HG02568,GWD,L2a1l,L,L2,1,3,13,5,7,12,13,1,35,35,31,31,31,31,L,L2
NA19452,LWK,L2a1a2,L,L2,1,3,13,5,7,12,13,1,35,35,31,31,31,31,L,L2
HG03123,ESN,L2a1a2,L,L2,1,3,13,5,7,12,13,1,35,35,31,31,31,31,L,L2
NA19095,YRI,L2a1a2,L,L2,1,3,13,5,7,12,13,1,35,35,31,31,31,31,L,L2
NA19351,LWK,L2a1a2,L,L2,1,3,13,5,7,12,13,1,35,35,31,31,31,31,L,L2
HG03563,MSL,L2a1a,L,L2,1,3,13,5,7,12,13,1,35,35,31,31,31,31,L,L2
HG02941,ESN,L2a1a2a1a,L,L2,1,3,13,5,7,12,13,1,35,35,31,31,31,31,L,L2
NA19117,YRI,L2a1a2a1a,L,L2,1,3,13,5,7,12,13,1,35,35,31,31,31,31,L,L2
NA20287,ASW,L2a1a2a1,L,L2,1,3,13,5,7,12,13,1,35,35,31,31,31,31,L,L2
HG02439,ACB,L2a1a2b,L,L2,1,3,13,5,7,12,13,1,35,35,31,31,31,31,L,L2
HG03169,ESN,L2a1a3c,L,L2,1,3,13,5,7,12,13,1,35,35,31,31,31,31,L,L2
HG02977,ESN,L2a1a3c,L,L2,1,3,13,5,7,12,13,1,35,35,31,31,31,31,L,L2
HG03539,GWD,L2a1a3,L,L2,1,3,13,5,7,12,13,1,35,35,31,31,31,31,L,L2
HG02676,GWD,L2a1a3,L,L2,1,3,13,5,7,12,13,1,35,35,31,31,31,31,L,L2
NA20276,ASW,L2a1a3a*,L,L2,1,3,13,5,7,12,13,1,35,35,31,31,31,31,L,L2
HG02870,GWD,L2a1a3,L,L2,1,3,13,5,7,12,13,1,35,35,31,31,31,31,L,L2
HG02588,GWD,L2a1a,L,L2,1,3,13,5,7,12,13,1,35,35,31,31,31,31,L,L2
NA18874,YRI,L2a1a1,L,L2,1,3,13,5,7,12,13,1,35,35,31,31,31,31,L,L2
HG03460,MSL,L2a1a1,L,L2,1,3,13,5,7,12,13,1,35,35,31,31,31,31,L,L2
NA19102,YRI,L2a1a1,L,L2,1,3,13,5,7,12,13,1,35,35,31,31,31,31,L,L2
HG03548,MSL,L2a1a1,L,L2,1,3,13,5,7,12,13,1,35,35,31,31,31,31,L,L2
HG03410,MSL,L2a1a1,L,L2,1,3,13,5,7,12,13,1,35,35,31,31,31,31,L,L2
HG03578,MSL,L2a1a1,L,L2,1,3,13,5,7,12,13,1,35,35,31,31,31,31,L,L2
NA20340,ASW,L2a1a1,L,L2,1,3,13,5,7,12,13,1,35,35,31,31,31,31,L,L2
HG02922,ESN,L2a1a1,L,L2,1,3,13,5,7,12,13,1,35,35,31,31,31,31,L,L2
NA18489,YRI,L2a1a,L,L2,1,3,13,5,7,12,13,1,35,35,31,31,31,31,L,L2
HG02860,GWD,L2a1a,L,L2,1,3,13,5,7,12,13,1,35,35,31,31,31,31,L,L2
HG02852,GWD,L2a1a,L,L2,1,3,13,5,7,12,13,1,35,35,31,31,31,31,L,L2
HG02501,ACB,L2a1a,L,L2,1,3,13,5,7,12,13,1,35,35,31,31,31,31,L,L2
HG01889,ACB,L2a1a,L,L2,1,3,13,5,7,12,13,1,35,35,31,31,31,31,L,L2
HG03114,ESN,L2a1a2c,L,L2,1,3,13,5,7,12,13,1,35,35,31,31,31,31,L,L2
HG02979,ESN,L2a1f,L,L2,1,3,13,5,7,12,13,1,35,35,31,31,31,31,L,L2
NA18505,YRI,L2a1f2,L,L2,1,3,13,5,7,12,13,1,35,35,31,31,31,31,L,L2
HG02481,ACB,L2a1f2,L,L2,1,3,13,5,7,12,13,1,35,35,31,31,31,31,L,L2
HG01890,ACB,L2a1f2,L,L2,1,3,13,5,7,12,13,1,35,35,31,31,31,31,L,L2
NA18523,YRI,L2a1f,L,L2,1,3,13,5,7,12,13,1,35,35,31,31,31,31,L,L2
HG02479,ACB,L2a1f,L,L2,1,3,13,5,7,12,13,1,35,35,31,31,31,31,L,L2
HG02429,ACB,L2a1f,L,L2,1,3,13,5,7,12,13,1,35,35,31,31,31,31,L,L2
HG03452,MSL,L2a1f,L,L2,1,3,13,5,7,12,13,1,35,35,31,31,31,31,L,L2
HG03159,ESN,L2a1f,L,L2,1,3,13,5,7,12,13,1,35,35,31,31,31,31,L,L2
NA19189,YRI,L2a1f,L,L2,1,3,13,5,7,12,13,1,35,35,31,31,31,31,L,L2
HG01915,ACB,L2a1f,L,L2,1,3,13,5,7,12,13,1,35,35,31,31,31,31,L,L2
HG03575,MSL,L2a1f1,L,L2,1,3,13,5,7,12,13,1,35,35,31,31,31,31,L,L2
NA20126,ASW,L2a1f1,L,L2,1,3,13,5,7,12,13,1,35,35,31,31,31,31,L,L2
HG03163,ESN,L2a1f1,L,L2,1,3,13,5,7,12,13,1,35,35,31,31,31,31,L,L2
HG02476,ACB,L2a1f1,L,L2,1,3,13,5,7,12,13,1,35,35,31,31,31,31,L,L2
HG03297,ESN,L2a1f1,L,L2,1,3,13,5,7,12,13,1,35,35,31,31,31,31,L,L2
HG02557,ACB,L2a1f1,L,L2,1,3,13,5,7,12,13,1,35,35,31,31,31,31,L,L2
HG03135,ESN,L2a1f1,L,L2,1,3,13,5,7,12,13,1,35,35,31,31,31,31,L,L2
HG03199,ESN,L2a1f,L,L2,1,3,13,5,7,12,13,1,35,35,31,31,31,31,L,L2
NA19395,LWK,L2a1f,L,L2,1,3,13,5,7,12,13,1,35,35,31,31,31,31,L,L2
HG02885,GWD,L2a1f,L,L2,1,3,13,5,7,12,13,1,35,35,31,31,31,31,L,L2
NA19023,LWK,L2a1f,L,L2,1,3,13,5,7,12,13,1,35,35,31,31,31,31,L,L2
NA18511,YRI,L2a1f,L,L2,1,3,13,5,7,12,13,1,35,35,31,31,31,31,L,L2
HG03514,ESN,L2a1f,L,L2,1,3,13,5,7,12,13,1,35,35,31,31,31,31,L,L2
HG02051,ACB,L2a1f,L,L2,1,3,13,5,7,12,13,1,35,35,31,31,31,31,L,L2
HG01883,ACB,L2a1f3,L,L2,1,3,13,5,7,12,13,1,35,35,31,31,31,31,L,L2
HG02799,GWD,L2d+16129,L,L2,2,6,12,5,7,15,17,2,31,31,31,31,56,56,L,L2
HG03279,ESN,L2d1,L,L2,2,6,12,5,7,15,17,2,31,31,31,31,56,56,L,L2
HG02970,ESN,L2d1a,L,L2,2,6,12,5,7,15,17,2,31,31,31,31,56,56,L,L2
HG03437,MSL,L2d1,L,L2,2,6,12,5,7,15,17,2,31,31,31,31,56,56,L,L2
HG02545,ACB,L2d1,L,L2,2,6,12,5,7,15,17,2,31,31,31,31,56,56,L,L2
HG02881,GWD,L2d+16129,L,L2,2,6,12,5,7,15,17,2,31,31,31,31,56,56,L,L2
HG02536,ACB,L2d+16129,L,L2,2,6,12,5,7,15,17,2,31,31,31,31,56,56,L,L2
HG03072,MSL,L2c*5,L,L2,2,6,11,5,7,14,19,2,31,43,31,31,51,62,L,L2
HG02879,GWD,L2c*5,L,L2,2,6,11,5,7,14,19,2,31,43,31,31,51,62,L,L2
HG02703,GWD,L2c,L,L2,2,6,11,5,7,14,19,2,31,43,31,31,51,62,L,L2
HG02756,GWD,L2c4,L,L2,2,6,11,5,7,14,19,2,31,43,31,31,51,62,L,L2
HG02878,GWD,L2c4,L,L2,2,6,11,5,7,14,19,2,31,43,31,31,51,62,L,L2
HG02757,GWD,L2c4,L,L2,2,6,11,5,7,14,19,2,31,43,31,31,51,62,L,L2
HG03376,MSL,L2c*3,L,L2,2,6,11,5,7,14,19,2,31,43,31,31,51,62,L,L2
HG03049,GWD,L2c,L,L2,2,6,11,5,7,14,19,2,31,43,31,31,51,62,L,L2
HG03157,ESN,L2c2a1,L,L2,2,6,11,5,7,14,19,2,31,43,31,31,51,62,L,L2
HG03388,MSL,L2c2,L,L2,2,6,11,5,7,14,19,2,31,43,31,31,51,62,L,L2
HG02836,GWD,L2c2,L,L2,2,6,11,5,7,14,19,2,31,43,31,31,51,62,L,L2
NA18517,YRI,L2c2b1a,L,L2,2,6,11,5,7,14,19,2,31,43,31,31,51,62,L,L2
HG03354,ESN,L2c2b1a,L,L2,2,6,11,5,7,14,19,2,31,43,31,31,51,62,L,L2
HG03069,MSL,L2c2,L,L2,2,6,11,5,7,14,19,2,31,43,31,31,51,62,L,L2
HG03473,MSL,L2c3*2,L,L2,2,6,11,5,7,14,19,2,31,43,31,31,51,62,L,L2
HG03433,MSL,L2c,L,L2,2,6,11,5,7,14,19,2,31,43,31,31,51,62,L,L2
HG03476,MSL,L2c,L,L2,2,6,11,5,7,14,19,2,31,43,31,31,51,62,L,L2
HG03455,MSL,L2c,L,L2,2,6,11,5,7,14,19,2,31,43,31,31,51,62,L,L2
HG02715,GWD,L2c5,L,L2,2,6,11,5,7,14,19,2,31,43,31,31,51,62,L,L2
NA19835,ASW,L2c5,L,L2,2,6,11,5,7,14,19,2,31,43,31,31,51,62,L,L2
NA20127,ASW,L2c5,L,L2,2,6,11,5,7,14,19,2,31,43,31,31,51,62,L,L2
HG02667,GWD,L2c5,L,L2,2,6,11,5,7,14,19,2,31,43,31,31,51,62,L,L2
HG02462,GWD,L2c5,L,L2,2,6,11,5,7,14,19,2,31,43,31,31,51,62,L,L2
HG02896,GWD,L2c5,L,L2,2,6,11,5,7,14,19,2,31,43,31,31,51,62,L,L2
HG02643,GWD,L2c5,L,L2,2,6,11,5,7,14,19,2,31,43,31,31,51,62,L,L2
HG03091,MSL,L2c,L,L2,2,6,11,5,7,14,19,2,31,43,31,31,51,62,L,L2
HG03225,MSL,L2c*4,L,L2,2,6,11,5,7,14,19,2,31,43,31,31,51,62,L,L2
HG02882,GWD,L2c,L,L2,2,6,11,5,7,14,19,2,31,43,31,31,51,62,L,L2
HG02814,GWD,L2c,L,L2,2,6,11,5,7,14,19,2,31,43,31,31,51,62,L,L2
HG01989,ACB,L2c,L,L2,2,6,11,5,7,14,19,2,31,43,31,31,51,62,L,L2
HG03074,MSL,L2c3,L,L2,2,6,11,5,7,14,19,2,31,43,31,31,51,62,L,L2
HG02144,ACB,L2c3*1,L,L2,2,6,11,5,7,14,19,2,31,43,31,31,51,62,L,L2
HG03451,MSL,L2c3,L,L2,2,6,11,5,7,14,19,2,31,43,31,31,51,62,L,L2
HG02759,GWD,L2c1,L,L2,2,6,11,5,7,14,19,2,31,43,31,31,51,62,L,L2
HG02505,ACB,L2c1,L,L2,2,6,11,5,7,14,19,2,31,43,31,31,51,62,L,L2
HG03048,GWD,L2c1a,L,L2,2,6,11,5,7,14,19,2,31,43,31,31,51,62,L,L2
HG01880,ACB,L2c1,L,L2,2,6,11,5,7,14,19,2,31,43,31,31,51,62,L,L2
HG03484,MSL,L2c,L,L2,2,6,11,5,7,14,19,2,31,43,31,31,51,62,L,L2
HG02642,GWD,L2c*2,L,L2,2,6,11,5,7,14,19,2,31,43,31,31,51,62,L,L2
HG02624,GWD,L2c*2,L,L2,2,6,11,5,7,14,19,2,31,43,31,31,51,62,L,L2
HG02888,GWD,L2c*2,L,L2,2,6,11,5,7,14,19,2,31,43,31,31,51,62,L,L2
NA19197,YRI,L2b2,L,L2,2,6,10,5,7,14,18,2,31,42,31,31,51,51,L,L2
HG02284,ACB,L2b2a,L,L2,2,6,10,5,7,14,18,2,31,42,31,31,51,51,L,L2
NA19248,YRI,L2b3a,L,L2,2,6,10,5,7,14,18,2,31,42,31,31,51,51,L,L2
NA18870,YRI,L2b3a,L,L2,2,6,10,5,7,14,18,2,31,42,31,31,51,51,L,L2
HG02645,GWD,L2b,L,L2,2,6,10,5,7,14,18,2,31,42,31,31,51,51,L,L2
NA19247,YRI,L2b,L,L2,2,6,10,5,7,14,18,2,31,42,31,31,51,51,L,L2
HG02804,GWD,L2b3c*,L,L2,2,6,10,5,7,14,18,2,31,42,31,31,51,51,L,L2
HG02837,GWD,L2b,L,L2,2,6,10,5,7,14,18,2,31,42,31,31,51,51,L,L2
HG02595,GWD,L2b,L,L2,2,6,10,5,7,14,18,2,31,42,31,31,51,51,L,L2
HG02555,ACB,L2b,L,L2,2,6,10,5,7,14,18,2,31,42,31,31,51,51,L,L2
NA19209,YRI,L2b1b,L,L2,2,6,10,5,7,14,18,2,31,42,31,31,51,51,L,L2
HG02952,ESN,L2b1b,L,L2,2,6,10,5,7,14,18,2,31,42,31,31,51,51,L,L2
HG03291,ESN,L2b1a,L,L2,2,6,10,5,7,14,18,2,31,42,31,31,51,51,L,L2
HG03472,MSL,L2b1a4,L,L2,2,6,10,5,7,14,18,2,31,42,31,31,51,51,L,L2
HG02982,GWD,L2b1a,L,L2,2,6,10,5,7,14,18,2,31,42,31,31,51,51,L,L2
HG02887,GWD,L2b1a2,L,L2,2,6,10,5,7,14,18,2,31,42,31,31,51,51,L,L2
HG03046,GWD,L2b1a2,L,L2,2,6,10,5,7,14,18,2,31,42,31,31,51,51,L,L2
HG02760,GWD,L2b1a,L,L2,2,6,10,5,7,14,18,2,31,42,31,31,51,51,L,L2
HG03515,ESN,L2b1a3,L,L2,2,6,10,5,7,14,18,2,31,42,31,31,51,51,L,L2
NA18522,YRI,L2b1a3,L,L2,2,6,10,5,7,14,18,2,31,42,31,31,51,51,L,L2
NA18516,YRI,L2b1a3,L,L2,2,6,10,5,7,14,18,2,31,42,31,31,51,51,L,L2
NA19024,LWK,L2b1a3,L,L2,2,6,10,5,7,14,18,2,31,42,31,31,51,51,L,L2
NA19984,ASW,L2b1a3,L,L2,2,6,10,5,7,14,18,2,31,42,31,31,51,51,L,L2
NA19185,YRI,L2b1a3,L,L2,2,6,10,5,7,14,18,2,31,42,31,31,51,51,L,L2
