"Isolate","level 1","level 2","level 3","level 4","level 5","level 6","level 7","level 8","level 9","level 10"
"HG02485",1,1,1,1,1,1,1,1,1,1
"HG02445",1,1,1,1,1,1,1,1,1,1
"HG02621",1,1,1,1,1,1,2,2,2,2
"HG03479",1,1,1,1,1,1,2,2,3,3
"HG02816",1,1,1,1,1,1,2,2,3,3
"HG03060",1,1,1,1,1,1,2,2,3,3
"HG02763",1,1,1,1,1,1,2,3,4,4
"HG02884",1,1,1,1,1,1,2,3,4,4
"HG03538",1,1,1,1,1,1,2,3,4,4
"NA20356",1,1,1,1,1,1,2,3,4,4
"HG03258",1,1,1,1,1,1,2,3,5,5
"NA20314",1,1,1,1,1,2,4,5,6,6
"HG02511",1,1,1,1,1,2,4,5,6,6
"HG02334",1,1,1,1,1,1,3,6,7,7
"NA19701",1,1,1,1,1,2,5,7,8,8
"NA20299",1,1,1,1,1,2,5,7,9,9
"HG02256",1,1,1,1,1,2,5,7,9,9
"HG02318",1,2,3,3,3,3,6,9,10,10
"HG03366",1,2,3,3,3,3,6,9,10,10
"HG02628",1,2,3,3,3,3,6,9,10,10
"HG02702",1,2,3,3,3,3,6,9,10,10
"HG02768",1,2,3,3,3,3,6,9,10,10
"HG03559",1,2,3,3,3,3,6,9,10,10
"HG02255",1,2,3,3,3,3,6,9,10,10
"NA20296",1,2,3,3,3,3,6,9,10,10
"NA20317",1,2,3,3,3,3,6,9,10,10
"NA20318",1,2,3,3,3,3,6,9,10,10
"HG02586",1,2,3,3,3,3,6,9,10,10
"HG03040",1,2,3,3,3,3,6,9,10,10
"HG02574",1,2,3,3,3,3,6,9,10,10
"HG03129",1,2,3,3,3,3,6,9,10,10
"HG03247",1,2,3,3,3,3,6,9,10,10
"NA19316",1,2,3,3,3,3,6,9,10,10
"HG02095",1,2,3,3,3,3,6,9,10,10
"HG03567",1,2,3,3,3,3,6,9,10,10
"NA20294",1,2,3,3,3,3,6,9,10,10
"HG03198",1,2,3,3,3,3,6,9,10,10
"HG03265",1,2,3,3,3,3,6,9,10,10
"NA19144",1,2,3,3,3,3,6,9,10,10
"NA19121",1,2,3,3,3,3,6,9,10,10
"NA19030",1,2,3,3,3,3,6,9,10,10
"HG02585",1,2,3,3,3,3,6,9,10,10
"HG02953",1,2,3,3,3,3,6,9,10,10
"NA19153",1,2,3,3,3,3,6,9,10,10
"HG03224",1,2,3,3,3,3,6,9,10,10
"HG02484",1,2,3,3,3,3,6,9,10,10
"HG02339",1,2,3,3,3,3,6,9,10,10
"NA20339",1,2,3,3,3,3,6,9,10,10
"HG03518",1,2,3,3,3,3,6,9,10,10
"HG03100",1,2,3,3,3,3,6,9,10,10
"HG03445",1,2,3,3,3,3,6,9,10,10
"HG02558",1,2,3,3,3,3,6,9,10,10
"HG02771",1,2,3,3,3,3,6,9,10,10
"HG02583",1,2,3,3,3,3,6,9,10,10
"HG03241",1,2,3,3,3,3,6,9,10,10
"NA18867",1,2,3,3,3,3,6,9,10,10
"HG02798",1,2,3,3,3,3,6,9,10,10
"HG02610",1,2,3,3,3,3,6,9,10,10
"HG01894",1,2,3,3,3,3,6,9,10,10
"HG02675",1,2,3,3,3,3,6,9,10,10
"NA19922",1,2,3,3,3,3,6,9,10,10
"NA18864",1,2,3,3,3,3,6,9,10,10
"HG03419",1,1,2,4,4,4,7,10,11,11
"NA19235",1,1,2,4,4,4,7,10,11,11
"HG02308",1,1,2,4,4,4,7,10,11,11
"HG03511",1,1,2,4,4,4,7,10,11,11
"NA18488",1,1,2,4,4,4,7,10,11,11
"HG03195",1,1,2,4,4,4,7,10,11,11
"HG02315",1,1,2,4,4,4,7,10,11,11
"NA19147",1,1,2,4,4,4,7,10,11,11
"NA19238",1,1,2,4,4,4,7,10,11,11
"HG03061",1,1,2,4,4,4,7,10,11,11
"HG02807",1,1,2,4,4,4,7,10,11,11
"HG02968",1,1,2,4,4,4,7,10,11,11
"NA19113",1,1,2,4,4,4,7,10,11,11
"NA20342",1,1,2,4,4,4,7,10,11,11
"NA19236",1,1,2,4,4,4,7,10,11,11
"HG03160",1,1,2,4,4,4,7,10,11,11
"NA19700",1,1,2,4,4,4,7,10,11,11
"NA18504",1,1,2,4,4,4,7,10,11,11
"NA18853",1,1,2,4,4,4,7,10,11,11
"NA19309",1,1,2,4,4,4,7,10,11,11
"HG03304",1,1,2,4,4,4,7,10,11,11
"HG03352",1,1,2,4,4,4,7,10,11,11
"HG02973",1,1,2,4,4,4,7,10,11,11
"HG03115",1,1,2,4,4,4,7,10,11,11
"NA20346",1,1,2,4,4,4,7,10,11,11
"NA20348",1,1,2,4,4,4,7,10,11,11
"NA19819",1,1,2,4,4,4,7,10,11,11
"NA19138",1,1,2,4,4,4,7,10,11,11
"HG01912",1,1,2,4,4,4,7,10,11,11
"NA19214",1,1,2,4,4,4,7,10,11,11
"HG02537",1,1,2,4,4,4,7,10,11,11
"NA18499",1,1,2,4,4,4,7,10,11,11
"NA19921",1,1,2,4,4,4,7,10,11,11
"NA19118",1,1,2,4,4,4,7,10,11,11
"HG02450",1,1,2,4,4,4,7,10,11,11
"NA19204",1,1,2,4,4,4,7,10,11,11
"NA19707",1,1,2,4,4,4,7,10,11,11
"HG02012",1,1,2,4,4,4,7,10,11,11
"NA19704",1,1,2,4,4,4,7,10,11,11
"HG02573",1,1,2,4,4,4,7,10,11,11
"HG02890",1,1,2,4,4,4,7,10,11,11
"HG03027",1,1,2,4,4,4,7,10,11,11
"HG02944",1,1,2,4,4,4,7,10,11,11
"HG03301",1,1,2,4,4,4,7,10,11,11
"NA20278",1,1,2,4,4,4,7,10,11,11
"NA18934",1,1,2,4,4,4,7,10,11,11
"HG03175",1,1,2,4,4,4,7,10,11,11
"NA19092",1,1,2,4,4,4,7,10,11,11
"NA19020",1,1,2,4,4,4,7,10,11,11
"HG02839",1,1,2,4,4,4,7,10,11,11
"HG02938",1,1,2,4,4,4,7,10,11,11
"HG03478",1,1,2,4,4,4,7,10,11,11
"HG03577",1,1,2,4,4,4,7,10,11,11
"HG03280",1,1,2,4,4,4,7,10,11,11
"NA18502",1,1,2,4,4,4,7,10,11,11
"HG03572",1,1,2,4,4,4,7,10,11,11
"NA19160",1,1,2,4,4,4,7,10,11,11
"HG02769",1,1,2,5,5,5,8,11,12,12
"HG03025",1,1,2,5,5,5,8,11,12,12
"HG03212",1,1,2,5,5,5,8,11,12,12
"NA18909",1,1,2,5,5,5,8,11,12,12
"HG02449",1,1,2,5,5,5,8,11,12,12
"HG03556",1,1,2,5,5,5,8,11,12,12
"HG02464",1,1,2,5,5,5,8,11,12,12
"HG03081",1,1,2,5,5,5,8,11,12,12
"NA20291",1,1,2,5,5,5,8,11,12,12
"HG02666",1,1,2,5,5,5,8,11,12,12
"HG02976",1,1,2,5,6,6,9,12,13,13
"HG03520",1,1,2,5,6,6,9,12,13,13
"HG02013",1,1,2,5,6,6,9,12,13,13
"NA19114",1,1,2,5,6,6,9,12,13,13
"HG02323",1,1,2,5,6,6,9,12,13,13
"HG03126",1,1,2,5,6,6,9,12,13,13
"NA19391",1,1,2,5,6,6,9,12,13,13
"NA19399",1,1,2,5,6,6,9,12,13,13
"HG01985",1,1,2,5,6,6,9,12,13,13
"HG03118",1,1,2,5,6,6,9,12,13,13
"HG03196",1,1,2,5,6,6,9,12,13,13
"NA19035",1,1,2,5,6,6,9,12,13,13
"NA19818",1,1,2,5,6,6,9,12,13,13
"HG03190",1,1,2,5,6,6,9,12,13,13
"NA19141",1,1,2,5,6,6,9,12,13,13
"NA19184",1,1,2,5,6,6,9,12,13,13
"HG02947",1,1,2,5,6,6,9,12,13,13
"NA19315",1,1,2,6,8,7,10,13,14,14
"HG02943",1,1,2,6,8,7,10,13,14,14
"HG03082",1,1,2,6,8,7,10,13,14,14
"HG03105",1,1,2,6,8,7,10,13,14,14
"HG03378",1,1,2,6,8,7,10,13,14,14
"NA18873",1,1,2,6,8,7,10,13,14,14
"HG02817",1,1,2,6,8,7,10,13,14,14
"HG03369",1,1,2,6,8,7,10,13,14,14
"HG03372",1,1,2,6,8,7,10,13,14,14
"NA19171",1,1,2,6,8,7,10,13,14,14
"NA19200",1,1,2,6,8,7,10,13,14,14
"NA19711",1,1,2,6,8,7,10,13,14,14
"NA19900",1,1,2,6,8,7,10,13,14,14
"NA19319",1,1,2,6,8,7,10,13,14,14
"NA19401",1,1,2,5,7,8,11,14,15,15
"NA19446",1,1,2,5,7,8,11,14,15,15
"NA19437",1,1,1,2,9,9,12,15,16,16
"NA19025",1,1,1,1,1,2,5,7,8,8
"NA19383",1,1,1,2,9,9,13,16,17,17
"NA19438",1,1,1,2,9,9,12,15,16,16
"NA19036",1,2,4,7,12,12,15,17,18,18
"HG02330",1,2,4,7,12,12,15,17,18,18
"NA19017",1,2,4,7,12,12,15,17,18,18
"NA19321",1,2,4,7,12,12,15,17,18,18
"NA19456",1,2,4,7,12,12,15,17,18,18
"NA19310",1,2,4,7,12,12,15,17,18,18
"NA19338",1,2,4,7,12,12,15,17,18,18
"NA19355",1,2,4,7,12,12,15,17,18,18
"NA19473",1,2,4,7,12,12,15,17,18,18
"NA19436",1,2,4,7,12,12,15,17,18,18
"NA19439",1,2,4,7,12,12,15,17,18,18
"NA19472",1,2,4,7,12,12,15,17,18,18
"NA19475",1,2,4,7,12,12,15,17,18,18
"NA19320",1,2,4,7,12,12,15,17,18,18
"NA19324",1,2,4,7,12,12,15,17,18,18
"NA19468",1,2,4,7,12,12,15,17,18,18
"NA19222",1,2,4,7,12,12,15,17,18,18
"HG01914",1,2,4,7,12,12,15,17,18,18
"HG03446",1,2,4,7,12,12,15,17,18,18
"HG02309",1,2,4,7,12,12,15,17,18,18
"NA19913",1,2,4,7,12,12,15,17,18,18
"HG03370",1,2,4,7,12,12,15,17,18,18
"NA19098",1,2,4,7,12,12,15,17,18,18
"HG03095",1,2,4,7,12,12,15,17,18,18
"NA18907",1,2,4,7,12,12,15,17,18,18
"HG02461",1,2,4,7,12,12,15,17,18,18
"HG02594",1,2,4,7,12,12,15,17,18,18
"HG03246",1,2,4,7,12,12,15,17,18,18
"NA19026",1,2,4,7,12,12,15,17,18,18
"NA19346",1,2,4,7,12,12,15,17,18,18
"NA19347",1,2,4,7,12,12,15,17,18,18
"NA19397",1,2,4,7,12,12,15,17,18,18
"NA19451",1,2,4,7,12,12,15,17,18,18
"NA19307",1,2,4,7,12,12,15,17,18,18
"NA19380",1,2,4,7,12,12,15,17,18,18
"NA19429",1,2,4,7,12,12,15,17,18,18
"NA19428",1,2,4,7,12,12,15,17,18,18
"NA19331",1,2,4,7,12,12,15,17,18,18
"NA19334",1,2,4,7,12,12,15,17,18,18
"NA19360",1,2,4,7,12,12,15,17,18,18
"NA19375",1,2,4,7,12,12,15,17,18,18
"NA19372",1,2,4,7,12,12,15,17,18,18
"NA18865",1,2,4,7,12,12,15,17,18,18
"HG03565",1,2,4,7,12,12,15,17,18,18
"HG02721",1,2,4,7,12,12,15,17,18,18
"HG03039",1,2,4,7,12,12,15,17,18,18
"HG02810",1,2,4,7,12,12,15,17,18,18
"HG02623",1,2,4,7,12,12,15,17,18,18
"HG02854",1,2,4,7,12,12,15,17,18,18
"HG03124",1,2,4,7,12,12,15,17,18,18
"HG03521",1,2,4,7,12,12,15,17,18,18
"NA19257",1,2,4,7,12,12,15,17,18,18
"HG03108",1,2,4,7,12,12,15,17,18,18
"HG02613",1,2,4,7,12,12,15,17,18,18
"HG03054",1,2,4,7,12,12,15,17,18,18
"NA18871",1,2,4,7,12,12,15,17,18,18
"NA19175",1,2,4,7,12,12,15,17,18,18
"HG03394",1,2,4,7,12,12,15,17,18,18
"HG01879",1,2,4,7,12,12,15,17,18,18
"NA18916",1,2,4,7,12,12,15,17,18,18
"HG02470",1,2,4,7,12,12,15,17,18,18
"HG02634",1,2,4,7,12,12,15,17,18,18
"HG02465",1,2,4,7,12,12,15,17,18,18
"HG02722",1,2,4,7,12,12,15,17,18,18
"HG02813",1,2,4,7,12,12,15,17,18,18
"NA19107",1,2,4,7,12,12,15,17,18,18
"HG03294",1,2,4,7,12,12,15,17,18,18
"HG03086",1,2,4,7,12,12,15,17,18,18
"NA18858",1,2,4,7,12,12,15,17,18,18
"HG02107",1,2,4,7,12,12,15,17,18,18
"HG02471",1,2,4,7,12,12,15,17,18,18
"NA18508",1,2,4,7,12,12,15,17,18,18
"NA19143",1,2,4,7,12,12,15,17,18,18
"NA19119",1,2,4,7,12,12,15,17,18,18
"HG03055",1,2,4,7,12,12,15,17,18,18
"HG02614",1,1,1,2,10,13,16,18,19,19
"HG02805",1,1,1,2,10,13,16,18,19,19
"HG03045",1,1,1,2,10,13,16,18,19,19
"HG03024",1,1,1,2,10,13,16,19,20,20
"NA19920",1,1,1,2,10,13,17,20,21,21
"HG03558",1,1,1,2,10,14,18,21,22,22
"HG03583",1,1,1,2,10,14,18,21,22,22
"NA19384",1,1,1,2,10,14,18,21,22,22
"NA19037",1,1,1,2,10,15,19,22,23,23
"NA19457",1,1,1,2,10,15,19,22,23,23
"NA19038",1,1,1,2,10,16,20,23,24,24
"NA19377",1,1,1,2,10,16,20,23,24,24
"HG03303",1,1,1,1,2,17,21,24,25,25
"NA18520",1,1,1,1,2,17,21,24,25,25
"NA19172",1,1,1,1,2,17,21,25,26,26
"HG02923",1,1,1,1,2,18,23,26,27,27
"HG03193",1,1,1,1,2,18,23,26,27,27
"HG03172",1,1,1,1,2,18,23,26,28,28
"HG03439",1,1,1,1,2,18,24,28,29,29
"NA19901",1,1,1,1,2,18,23,26,27,27
"HG02946",1,1,1,1,2,17,22,29,30,30
"HG03111",1,1,1,1,2,17,22,29,30,30
"HG02541",1,1,1,1,2,17,21,24,25,25
"HG03162",1,1,1,1,2,17,21,25,26,26
"NA19213",1,1,1,1,2,17,22,29,30,30
"NA18881",1,1,1,1,2,18,23,27,31,31
"HG02143",1,1,1,2,9,9,14,30,32,32
"HG02582",1,1,1,2,9,9,14,30,32,32
"NA20298",1,1,1,2,9,9,14,30,32,32
"NA19982",1,1,1,1,1,2,5,8,33,33
"HG03139",1,1,1,2,9,10,25,31,34,34
"NA18879",1,1,1,2,9,10,25,31,34,34
"HG03189",1,1,1,2,9,10,25,31,34,34
"NA19434",1,1,1,2,9,11,26,32,35,35
"NA19435",1,1,1,2,9,11,26,32,35,35
"NA19445",1,1,1,2,9,11,26,32,35,35
"NA19463",1,1,1,2,9,11,27,33,36,36
"HG02054",1,1,1,1,1,1,2,4,37,37
"HG02496",1,1,1,2,11,19,28,34,38,38
"HG02570",1,1,1,2,11,20,29,35,39,39
"HG03259",1,1,1,2,11,20,29,35,39,39
"HG03458",1,1,1,2,11,19,28,34,38,38
"HG02974",2,4,5,8,13,21,30,36,40,40
"HG02307",2,4,5,8,13,21,30,36,40,40
"NA19471",2,4,5,8,13,21,30,36,40,40
"HG02562",2,4,5,8,13,21,30,36,40,40
"NA18924",2,4,5,8,13,21,30,36,40,40
"HG03351",2,4,5,8,13,21,30,36,40,40
"NA19131",2,4,5,8,13,21,30,36,40,40
"HG02580",2,4,5,8,13,21,30,36,40,40
"NA18933",2,4,5,8,13,21,30,36,40,40
"NA19190",2,4,5,8,13,21,30,36,40,40
"NA19462",2,4,5,8,13,21,30,36,40,40
"NA19206",2,4,5,8,13,21,30,36,40,40
"NA19431",2,4,5,8,13,21,30,36,40,40
"HG02571",2,4,5,8,13,21,30,36,40,40
"HG03470",2,4,5,8,13,21,30,36,40,40
"HG02635",2,4,5,8,13,21,30,36,40,40
"HG03099",2,4,5,8,13,21,30,36,40,40
"HG02477",2,4,5,8,13,21,30,36,40,40
"HG03073",2,4,5,8,13,21,30,36,40,40
"HG03079",2,4,5,8,13,21,30,36,40,40
"HG03270",2,4,5,8,13,21,30,36,40,40
"HG02811",2,4,5,8,13,21,30,36,40,40
"HG02840",2,4,5,8,13,21,30,36,40,40
"HG03052",2,4,5,8,13,21,30,36,40,40
"HG02855",2,4,5,8,13,21,30,36,40,40
"HG02891",2,4,5,8,13,21,30,36,40,40
"NA20320",2,4,5,8,13,21,30,36,40,40
"NA20321",2,4,5,8,13,21,30,36,40,40
"NA20282",2,4,5,8,13,21,30,36,40,40
"NA20289",2,4,5,8,13,21,30,36,40,40
"HG02772",2,4,5,8,13,21,30,36,40,40
"HG02589",2,4,5,8,13,21,30,36,40,40
"NA20412",2,4,5,8,13,21,30,36,40,40
"HG02646",2,4,5,8,13,21,30,36,40,40
"HG02108",2,4,5,8,13,21,30,36,40,40
"HG02343",2,4,5,8,13,21,30,36,40,40
"HG03109",2,4,5,8,13,21,30,36,40,40
"NA19207",2,4,5,8,13,21,30,36,40,40
"NA19223",2,4,5,8,13,21,30,36,40,40
"NA18923",2,4,5,8,13,21,30,36,40,40
"NA18507",2,4,5,8,13,21,30,36,40,40
"HG03120",2,4,5,8,13,21,30,36,40,40
"HG03112",2,4,5,8,13,21,30,36,40,40
"HG03136",2,4,5,8,13,21,30,36,40,40
"NA19210",2,4,5,8,13,21,30,36,40,40
"HG03311",2,4,5,8,13,21,30,36,40,40
"HG03442",2,4,5,8,13,21,30,36,40,40
"NA19041",2,4,5,8,13,21,30,36,40,40
"NA18486",2,4,5,8,13,21,30,36,40,40
"NA19834",2,4,5,8,13,21,30,36,40,40
"NA19916",2,4,5,8,13,21,30,36,40,40
"NA19198",2,4,5,8,13,21,30,36,40,40
"HG03166",2,4,5,8,13,21,30,36,40,40
"NA18498",2,4,5,8,13,21,30,36,40,40
"HG03295",2,4,5,8,13,21,30,36,40,40
"NA18501",2,4,5,8,13,21,30,36,40,40
"NA18917",2,4,5,8,13,21,30,36,40,40
"HG03103",2,4,5,8,13,21,30,36,40,40
"HG03057",2,4,5,8,13,21,30,36,40,40
"HG03058",2,4,5,8,13,21,30,36,40,40
"HG03469",2,4,5,8,13,21,30,36,40,40
"HG03436",2,4,5,8,13,21,30,36,40,40
"HG01988",2,4,5,8,13,21,30,36,40,40
"HG02820",2,4,6,9,14,22,31,37,41,41
"HG01956",2,4,6,10,15,23,32,38,42,42
"NA19909",2,4,6,10,15,23,32,38,42,42
"HG01886",2,4,6,10,15,24,33,39,43,43
"HG03066",2,4,6,9,14,22,31,37,41,41
"HG02561",2,4,6,10,15,23,32,38,42,42
"HG02678",2,4,6,10,16,25,34,40,44,44
"NA19449",2,5,7,11,17,26,35,41,45,45
"NA19448",2,5,7,11,17,26,35,41,45,45
"NA19466",2,5,7,11,17,26,35,41,45,45
"NA19703",2,5,7,11,17,26,36,42,46,46
"HG01882",2,5,7,11,18,29,37,43,47,47
"NA18876",2,5,7,11,18,29,37,43,47,47
"NA19137",2,5,7,11,18,29,37,43,47,47
"NA20334",2,5,7,11,18,29,37,43,47,47
"NA20355",2,5,7,11,18,29,37,43,47,47
"NA18861",2,5,7,11,18,29,37,43,47,47
"HG03267",2,5,7,11,18,29,37,43,47,47
"HG03517",2,5,7,11,18,29,37,43,47,47
"NA19042",2,5,7,11,18,29,37,43,47,47
"HG02111",2,5,7,11,18,29,37,43,47,47
"HG02420",2,5,7,11,18,29,37,43,47,47
"HG02433",2,5,7,11,18,29,37,43,47,47
"HG03127",2,5,7,11,18,29,37,43,47,47
"NA18877",2,5,7,11,18,29,37,43,47,47
"HG03268",2,5,7,11,18,29,37,43,47,47
"HG02981",2,5,7,11,18,29,37,43,47,47
"NA19430",2,5,7,11,18,29,37,43,47,47
"NA19027",2,5,7,11,18,29,37,43,47,47
"HG02971",2,5,7,11,18,29,37,43,47,47
"HG03298",2,5,7,11,18,29,37,43,47,47
"NA19350",2,5,7,11,18,29,37,43,47,47
"NA19379",2,5,7,11,18,29,37,43,47,47
"HG03063",2,5,7,11,18,29,37,43,47,47
"HG03084",2,5,7,11,18,29,37,43,47,47
"NA18510",2,5,7,11,18,29,37,43,47,47
"NA19467",2,5,7,11,17,27,38,44,48,48
"NA19440",2,5,7,11,17,28,39,45,49,49
"NA19312",2,5,7,12,19,30,40,46,50,50
"NA19904",2,5,7,12,19,30,40,46,50,50
"NA19328",2,5,7,12,19,30,40,46,50,50
"NA19713",2,5,7,12,20,31,41,47,51,51
"NA19031",2,5,8,13,21,32,42,48,52,52
"NA19314",2,5,8,13,21,32,42,48,52,52
"NA19474",2,5,8,13,21,32,42,48,52,52
"NA19454",2,5,9,14,22,33,43,49,53,53
"NA19185",2,6,10,15,23,34,44,50,54,54
"NA19024",2,6,10,15,23,34,44,50,54,54
"HG02760",2,6,10,15,23,34,44,50,54,54
"HG03046",2,6,10,15,23,34,44,50,54,54
"HG02982",2,6,10,15,23,34,44,50,54,54
"HG03515",2,6,10,15,23,34,44,50,54,54
"NA19984",2,6,10,15,23,34,44,50,54,54
"NA18516",2,6,10,15,23,34,44,50,54,54
"NA18522",2,6,10,15,23,34,44,50,54,54
"HG03291",2,6,10,15,23,34,44,50,54,54
"HG02952",2,6,10,15,23,34,44,50,54,54
"NA19209",2,6,10,15,23,34,44,50,54,54
"HG02887",2,6,10,15,23,34,44,50,54,54
"HG03472",2,6,10,15,23,34,44,50,54,54
"HG02645",2,6,10,16,24,35,45,51,55,55
"HG02284",2,6,10,16,24,35,45,51,55,55
"HG02555",2,6,10,16,24,35,45,51,55,55
"HG02595",2,6,10,16,24,35,45,51,55,55
"HG02837",2,6,10,16,24,35,45,51,55,55
"NA19247",2,6,10,16,24,35,45,51,55,55
"NA19197",2,6,10,16,24,35,45,51,55,55
"NA18870",2,6,10,16,24,35,45,51,55,55
"HG02804",2,6,10,16,24,35,45,51,55,55
"NA19248",2,6,10,16,24,35,45,51,55,55
"HG02888",2,6,11,17,25,36,46,52,56,56
"HG02624",2,6,11,17,25,36,46,52,56,56
"HG02642",2,6,11,17,25,36,46,52,56,56
"HG01880",2,6,11,17,25,36,46,52,56,56
"HG02505",2,6,11,17,25,36,46,52,56,56
"HG02643",2,6,11,17,25,36,46,52,56,56
"HG02896",2,6,11,17,25,36,46,52,56,56
"HG03455",2,6,11,17,25,36,46,52,56,56
"HG03476",2,6,11,17,25,36,46,52,56,56
"HG03473",2,6,11,17,25,36,46,52,56,56
"HG01989",2,6,11,17,25,36,46,52,56,56
"HG02757",2,6,11,17,25,36,46,52,56,56
"HG02462",2,6,11,17,25,36,46,52,56,56
"HG02667",2,6,11,17,25,36,46,52,56,56
"HG02814",2,6,11,17,25,36,46,52,56,56
"HG02882",2,6,11,17,25,36,46,52,56,56
"HG03049",2,6,11,17,25,36,46,52,56,56
"NA19835",2,6,11,17,25,36,46,52,56,56
"NA20127",2,6,11,17,25,36,46,52,56,56
"HG02715",2,6,11,17,25,36,46,52,56,56
"HG02756",2,6,11,17,25,36,46,52,56,56
"HG02878",2,6,11,17,25,36,46,52,56,56
"HG02759",2,6,11,17,25,36,46,52,56,56
"HG03069",2,6,11,17,25,36,46,52,56,56
"HG03433",2,6,11,17,25,36,46,52,56,56
"HG03451",2,6,11,17,25,36,46,52,56,56
"HG03074",2,6,11,17,25,36,46,52,56,56
"HG03225",2,6,11,17,25,36,46,52,56,56
"HG02144",2,6,11,17,25,36,46,52,56,56
"HG03091",2,6,11,17,25,36,46,52,56,56
"HG03354",2,6,11,17,25,36,46,52,56,56
"NA18517",2,6,11,17,25,36,46,52,56,56
"HG03157",2,6,11,17,25,36,46,52,56,56
"HG03484",2,6,11,17,25,36,46,52,56,56
"HG03376",2,6,11,17,25,36,46,52,56,56
"HG02879",2,6,11,17,25,36,46,52,56,56
"HG03072",2,6,11,17,25,36,46,52,56,56
"HG02836",2,6,11,17,25,36,46,52,56,56
"HG02703",2,6,11,17,25,36,46,52,56,56
"HG03388",2,6,11,17,25,36,46,52,56,56
"HG03048",2,6,11,17,25,36,46,52,56,56
"HG01883",1,3,13,18,26,37,47,53,57,57
"HG02885",1,3,13,18,26,37,47,53,57,57
"HG03159",1,3,13,18,26,37,47,53,57,57
"HG03452",1,3,13,18,26,37,47,53,57,57
"HG03514",1,3,13,18,26,37,47,53,57,57
"NA18511",1,3,13,18,26,37,47,53,57,57
"NA19023",1,3,13,18,26,37,47,53,57,57
"HG02051",1,3,13,18,26,37,47,53,57,57
"HG03135",1,3,13,18,26,37,47,53,57,57
"HG03297",1,3,13,18,26,37,47,53,57,57
"NA19129",1,3,13,18,26,37,47,53,57,57
"NA19395",1,3,13,18,26,37,47,53,57,57
"HG02568",1,3,13,18,26,37,47,53,57,57
"HG03085",1,3,13,18,26,37,47,53,57,57
"HG03097",1,3,13,18,26,37,47,53,57,57
"HG03485",1,3,13,18,26,37,47,53,57,57
"HG02629",1,3,13,18,26,37,47,53,57,57
"HG02317",1,3,13,18,26,37,47,53,57,57
"NA19149",1,3,13,18,26,37,47,53,57,57
"HG02546",1,3,13,18,26,37,47,53,57,57
"HG02549",1,3,13,18,26,37,47,53,57,57
"NA19093",1,3,13,18,26,37,47,53,57,57
"HG03121",1,3,13,18,26,37,47,53,57,57
"HG03342",1,3,13,18,26,37,47,53,57,57
"NA18523",1,3,13,18,26,37,47,53,57,57
"NA19625",1,3,13,18,26,37,47,53,57,57
"NA20274",1,3,13,18,26,37,47,53,57,57
"HG02476",1,3,13,18,26,37,47,53,57,57
"HG01915",1,3,13,18,26,37,47,53,57,57
"HG02979",1,3,13,18,26,37,47,53,57,57
"HG02325",1,3,13,18,26,37,47,53,57,57
"NA19225",1,3,13,18,26,37,47,53,57,57
"HG02679",1,3,13,18,26,37,47,53,57,57
"HG02281",1,3,13,18,26,37,47,53,57,57
"HG03028",1,3,13,18,26,37,47,53,57,57
"HG01890",1,3,13,18,26,37,47,53,57,57
"NA18505",1,3,13,18,26,37,47,53,57,57
"HG02481",1,3,13,18,26,37,47,53,57,57
"HG03132",1,3,13,18,26,37,47,53,57,57
"NA19152",1,3,13,18,26,37,47,53,57,57
"HG03114",1,3,13,18,26,37,47,53,57,57
"HG01889",1,3,13,18,26,37,47,53,57,57
"HG02852",1,3,13,18,26,37,47,53,57,57
"NA19351",1,3,13,18,26,37,47,53,57,57
"NA18489",1,3,13,18,26,37,47,53,57,57
"HG02870",1,3,13,18,26,37,47,53,57,57
"HG02676",1,3,13,18,26,37,47,53,57,57
"HG03539",1,3,13,18,26,37,47,53,57,57
"NA19095",1,3,13,18,26,37,47,53,57,57
"NA20287",1,3,13,18,26,37,47,53,57,57
"HG03123",1,3,13,18,26,37,47,53,57,57
"HG03563",1,3,13,18,26,37,47,53,57,57
"HG02922",1,3,13,18,26,37,47,53,57,57
"NA19102",1,3,13,18,26,37,47,53,57,57
"HG03578",1,3,13,18,26,37,47,53,57,57
"HG03410",1,3,13,18,26,37,47,53,57,57
"HG03548",1,3,13,18,26,37,47,53,57,57
"NA20276",1,3,13,18,26,37,47,53,57,57
"HG02429",1,3,13,18,26,37,47,53,57,57
"HG02557",1,3,13,18,26,37,47,53,57,57
"HG03163",1,3,13,18,26,37,47,53,57,57
"NA20126",1,3,13,18,26,37,47,53,57,57
"HG03199",1,3,13,18,26,37,47,53,57,57
"HG02479",1,3,13,18,26,37,47,53,57,57
"HG02439",1,3,13,18,26,37,47,53,57,57
"HG02501",1,3,13,18,26,37,47,53,57,57
"HG02860",1,3,13,18,26,37,47,53,57,57
"NA19452",1,3,13,18,26,37,47,53,57,57
"HG02588",1,3,13,18,26,37,47,53,57,57
"NA19117",1,3,13,18,26,37,47,53,57,57
"HG02941",1,3,13,18,26,37,47,53,57,57
"HG02977",1,3,13,18,26,37,47,53,57,57
"HG03169",1,3,13,18,26,37,47,53,57,57
"HG03460",1,3,13,18,26,37,47,53,57,57
"NA18874",1,3,13,18,26,37,47,53,57,57
"NA20340",1,3,13,18,26,37,47,53,57,57
"HG02455",1,3,13,18,26,37,47,53,57,57
"NA18908",1,3,13,18,26,37,47,53,57,57
"NA19908",1,3,13,18,26,37,47,53,57,57
"NA18519",1,3,13,18,26,37,47,53,57,57
"HG02554",1,3,13,18,26,37,47,53,57,57
"HG03432",1,3,13,18,26,37,47,53,57,57
"HG02851",1,3,13,18,26,37,47,53,57,57
"NA19394",1,3,13,18,26,37,47,53,57,57
"HG02620",1,3,13,18,26,37,47,53,57,57
"HG03547",1,3,13,18,26,37,47,53,57,57
"HG03382",1,3,13,18,26,37,47,53,57,57
"HG03428",1,3,13,18,26,37,47,53,57,57
"NA20332",1,3,13,18,26,37,47,53,57,57
"HG03457",1,3,13,18,26,37,47,53,57,57
"HG02716",1,3,13,18,26,37,47,53,57,57
"NA18912",1,3,13,18,26,37,47,53,57,57
"HG02508",1,3,13,18,26,37,47,53,57,57
"NA19099",1,3,13,18,26,37,47,53,57,57
"HG02808",1,3,13,18,26,37,47,53,57,57
"HG02502",1,3,13,18,26,37,47,53,57,57
"HG01896",1,3,13,18,26,37,47,53,57,57
"HG02861",1,3,13,18,26,37,47,53,57,57
"NA19923",1,3,13,18,26,37,47,53,57,57
"HG02895",1,3,13,18,26,37,47,53,57,57
"HG03557",1,3,13,18,26,37,47,53,57,57
"HG03571",1,3,13,18,26,37,47,53,57,57
"HG03401",1,3,13,18,26,37,47,53,57,57
"HG02419",1,3,13,18,26,37,47,53,57,57
"HG02009",1,3,13,18,26,37,47,53,57,57
"HG02314",1,3,13,18,26,37,47,53,57,57
"HG02497",1,3,13,18,26,37,47,53,57,57
"NA18878",1,3,13,18,26,37,47,53,57,57
"HG03064",1,3,13,18,26,37,47,53,57,57
"HG03461",1,3,13,18,26,37,47,53,57,57
"HG03449",1,3,13,18,26,37,47,53,57,57
"HG02819",1,3,13,18,26,37,47,53,57,57
"NA18910",1,3,13,18,26,37,47,53,57,57
"HG02489",1,3,13,18,26,37,47,53,57,57
"NA18856",1,3,13,18,26,37,47,53,57,57
"HG02577",1,3,13,18,26,37,47,53,57,57
"HG03202",1,3,13,18,26,37,47,53,57,57
"NA19239",1,3,13,18,26,37,47,53,57,57
"HG03575",1,3,13,18,26,37,47,53,57,57
"HG03088",1,3,13,18,26,37,47,53,57,57
"NA19403",1,3,13,18,26,37,47,53,57,57
"HG01958",1,3,13,18,26,37,47,53,57,57
"NA19116",1,3,13,18,26,37,47,53,57,57
"NA20357",1,3,13,18,26,37,47,53,57,57
"HG02337",1,3,13,18,26,37,47,53,57,57
"HG03117",1,3,13,18,26,37,47,53,57,57
"NA18868",1,3,13,18,26,37,47,53,57,57
"NA20351",1,3,13,18,26,37,47,53,57,57
"HG03078",1,3,13,18,26,37,47,53,57,57
"NA19096",1,3,13,18,26,37,47,53,57,57
"NA19130",1,3,13,18,26,37,47,53,57,57
"NA19189",1,3,13,18,26,37,47,53,57,57
"NA19376",1,3,13,18,26,37,47,53,57,57
"NA19393",1,3,13,18,26,37,47,53,57,57
"NA19443",1,3,13,18,26,37,47,53,57,57
"NA19028",2,6,12,19,27,38,48,54,58,58
"HG02536",2,6,12,20,28,39,49,55,59,59
"HG02545",2,6,12,20,29,40,50,56,60,60
"HG02799",2,6,12,20,29,40,50,56,60,60
"HG03437",2,6,12,20,29,40,50,56,60,60
"HG02970",2,6,12,20,29,40,51,57,61,61
"HG03279",2,6,12,20,30,42,52,58,62,62
"HG02881",2,6,12,20,29,41,53,59,63,63
"HG03130",2,6,12,21,31,43,54,60,64,64
"NA19146",2,6,12,21,31,43,54,60,64,64
"HG03367",2,6,12,21,31,43,55,61,65,65
"NA19108",2,6,12,21,31,43,55,61,65,65
"NA19201",2,6,12,21,31,44,56,62,66,66
"HG03240",2,6,12,21,32,45,57,63,67,67
"HG03209",2,6,12,21,33,46,58,64,68,68
"NA19390",2,7,14,22,34,47,59,65,69,69
"NA18915",2,7,14,22,34,47,59,65,69,69
"NA19256",2,7,14,22,34,47,59,65,69,69
"NA19914",2,7,14,22,35,48,60,66,70,70
"NA20359",2,7,14,22,35,49,61,67,71,71
"NA20362",2,7,14,22,35,49,61,67,71,71
"HG01986",2,7,14,22,35,49,61,67,71,71
"HG01990",2,7,14,22,35,48,60,66,70,70
"HG02983",2,7,14,22,35,48,60,66,70,70
"HG03343",2,7,14,22,35,49,62,68,72,72
"HG01885",2,7,14,23,36,50,63,69,73,73
"HG03077",2,7,14,23,36,50,63,69,73,73
"HG03397",2,7,14,23,36,50,63,69,73,73
"NA19385",2,7,14,23,36,50,64,70,74,74
"NA20281",2,7,14,23,36,50,64,70,74,74
"HG02010",2,7,14,23,36,50,64,70,74,74
"HG02427",2,7,14,23,36,50,65,71,75,75
"NA19917",2,7,14,23,36,50,66,72,76,76
"HG02052",2,7,14,23,36,51,67,73,77,77
"HG02053",2,7,14,23,36,51,67,73,77,77
"HG02322",2,7,14,23,36,51,67,73,77,77
"HG02014",2,7,14,23,37,52,68,74,78,78
"HG02611",2,7,14,23,37,52,69,75,79,79
"HG03096",2,7,14,23,37,52,69,75,79,79
"HG03464",2,7,14,23,37,52,69,75,79,79
"HG03380",2,7,14,23,37,53,70,76,80,80
"HG03391",2,7,14,23,37,53,70,76,80,80
"HG03385",2,7,14,23,37,54,71,77,81,81
"HG02282",2,7,15,24,38,55,72,78,82,82
"HG03168",2,7,15,24,38,55,72,78,82,82
"HG02283",2,7,15,24,39,56,73,79,83,83
"HG03313",2,7,15,24,39,56,73,79,83,83
"HG03499",2,7,15,24,39,56,73,79,83,83
"NA19323",2,7,15,24,40,57,74,80,84,84
"HG02442",2,7,15,25,41,58,75,81,85,85
"HG03271",2,7,15,25,41,59,76,82,86,86
"HG03363",2,7,15,25,41,59,76,82,86,86
"HG02332",2,7,15,25,42,60,78,83,87,87
"HG03133",2,7,15,25,42,60,78,83,87,87
"NA19712",2,7,15,25,42,60,78,83,87,87
"HG03300",2,7,15,25,41,59,76,82,86,86
"NA19378",2,7,15,25,41,59,77,84,88,88
"NA19019",2,7,16,26,43,61,79,85,89,89
"NA19308",2,7,16,26,43,61,79,85,89,89
"NA19317",2,7,16,26,43,61,79,85,89,89
"NA19043",2,7,16,27,44,62,80,86,90,90
"NA19318",2,7,16,27,44,63,81,87,91,91
"NA19455",2,7,16,27,44,63,81,87,91,91
"NA19461",2,7,16,27,44,63,81,87,91,91
"NA19332",2,7,16,27,45,64,82,88,92,92
"NA19374",2,7,16,28,46,65,83,89,93,93
"NA19404",2,7,16,28,46,65,83,89,93,93
"NA19327",2,5,9,14,22,33,43,49,53,53
